entry_date,exit_date,symbol,direction,entry_price,exit_price,stop_loss,target,pnl,pnl_pct,exit_reason,score,hold_days
2026-01-02 00:00:00+05:30,2026-01-08 00:00:00+05:30,ABB,long,5205.5,5054.785714285715,5054.785714285715,5431.571428571428,-150.71428571428532,-2.895289323106048,stop_loss,0.4,4
2026-01-06 00:00:00+05:30,2026-01-08 00:00:00+05:30,ABB,long,5224.5,5065.642857142857,5065.642857142857,5462.785714285715,-158.85714285714312,-3.0406190612909008,stop_loss,0.4,2
2026-01-07 00:00:00+05:30,2026-01-08 00:00:00+05:30,ABB,long,5299.0,5137.928571428572,5137.928571428572,5540.607142857143,-161.07142857142844,-3.0396570781549057,stop_loss,0.4,1
2026-01-02 00:00:00+05:30,2026-01-08 00:00:00+05:30,ADANIENSOL,long,1057.9000244140625,1010.021466936384,1010.021466936384,1129.7178606305804,-47.878557477678555,-4.525811170502333,stop_loss,0.3,4
2026-01-05 00:00:00+05:30,2026-01-08 00:00:00+05:30,ADANIENSOL,long,1044.9000244140625,996.3143223353794,996.3143223353794,1117.778577532087,-48.585702078683084,-4.649794328976877,stop_loss,0.3,3
2026-01-06 00:00:00+05:30,2026-01-08 00:00:00+05:30,ADANIENSOL,long,1044.0999755859375,996.6071341378348,996.6071341378348,1115.3392377580915,-47.492841448102695,-4.548687152439615,stop_loss,0.4,2
2026-01-07 00:00:00+05:30,2026-01-09 00:00:00+05:30,ADANIENSOL,long,1033.5,986.6357334681919,986.6357334681919,1103.796399797712,-46.864266531808084,-4.534520225622456,stop_loss,0.3,2
2026-01-12 00:00:00+05:30,2026-01-19 00:00:00+05:30,ADANIGREEN,long,942.2000122070312,914.0,900.9000156947544,1004.1500069754464,-28.20001220703125,-2.992996374620595,time,0.2,5
2026-01-13 00:00:00+05:30,2026-01-19 00:00:00+05:30,ADANIGREEN,long,936.7000122070312,914.0,893.5571637834821,1001.4142848423548,-22.70001220703125,-2.4234025740584757,time,0.2,4
2026-01-14 00:00:00+05:30,2026-01-19 00:00:00+05:30,ADANIGREEN,long,935.2999877929688,914.0,890.3142787388393,1002.7785513741629,-21.29998779296875,-2.2773428922233196,time,0.2,3
2026-01-15 00:00:00+05:30,2026-01-19 00:00:00+05:30,ADANIGREEN,long,935.2999877929688,914.0,892.528564453125,999.4571228027344,-21.29998779296875,-2.2773428922233196,time,0.2,2
2026-01-16 00:00:00+05:30,2026-01-19 00:00:00+05:30,ADANIGREEN,long,930.0999755859375,914.0,887.2285505022321,994.4071132114955,-16.0999755859375,-1.7309940875759033,time,0.30000000000000004,1
2026-01-19 00:00:00+05:30,2026-01-19 00:00:00+05:30,ADANIGREEN,long,914.0,914.0,869.5285731724331,980.7071402413504,0.0,0.0,time,0.30000000000000004,0
2026-01-05 00:00:00+05:30,2026-01-09 00:00:00+05:30,ADANIPORTS,long,1493.0,1456.2714320591517,1456.2714320591517,1548.0928519112724,-36.72856794084828,-2.4600514360916463,stop_loss,0.3,4
2026-01-19 00:00:00+05:30,2026-01-19 00:00:00+05:30,ADANIPORTS,long,1403.0,1403.0,1356.9714181082588,1472.0428728376116,0.0,0.0,time,0.2,0
2026-01-16 00:00:00+05:30,2026-01-19 00:00:00+05:30,AMBUJACEM,long,553.75,552.1500244140625,533.6928623744419,583.8357064383371,-1.5999755859375,-0.28893464305869077,time,0.4,1
2026-01-19 00:00:00+05:30,2026-01-19 00:00:00+05:30,AMBUJACEM,long,552.1500244140625,552.1500244140625,531.9214564732143,582.4928763253348,0.0,0.0,time,0.3,0
2026-01-05 00:00:00+05:30,2026-01-19 00:00:00+05:30,ASIANPAINT,long,2815.60009765625,2754.0,2730.8572823660716,2942.7143205915177,-61.60009765625,-2.1878141610922266,time,0.4,9
2026-01-06 00:00:00+05:30,2026-01-16 00:00:00+05:30,ASIANPAINT,long,2845.800048828125,2760.728690011161,2760.728690011161,2973.4070870535716,-85.07135881696422,-2.989365287698124,stop_loss,0.4,7
2026-01-01 00:00:00+05:30,2026-01-19 00:00:00+05:30,AUBANK,long,999.4500122070312,1020.9500122070312,968.1143188476562,1046.4535522460938,21.5,2.1511831244588926,time,0.3,12
2026-01-02 00:00:00+05:30,2026-01-19 00:00:00+05:30,AUBANK,long,999.4000244140625,1020.9500122070312,968.1000366210938,1046.3500061035156,21.54998779296875,2.1562925021543076,time,0.4,11
2026-01-05 00:00:00+05:30,2026-01-13 00:00:00+05:30,AUBANK,long,1014.9500122070312,983.44287109375,983.44287109375,1062.2107238769531,-31.50714111328125,-3.104304717901158,stop_loss,0.19999999999999998,6
2026-01-06 00:00:00+05:30,2026-01-13 00:00:00+05:30,AUBANK,long,1008.75,976.2142944335938,976.2142944335938,1057.5535583496094,-32.53570556640625,-3.225348755034077,stop_loss,0.3,5
2026-01-07 00:00:00+05:30,2026-01-13 00:00:00+05:30,AUBANK,long,1004.5499877929688,972.1142839704241,972.1142839704241,1053.2035435267858,-32.43570382254461,-3.2288790221188477,stop_loss,0.4,4
2026-01-08 00:00:00+05:30,2026-01-19 00:00:00+05:30,AUBANK,long,992.0999755859375,1020.9500122070312,958.671404157366,1042.2428327287946,28.85003662109375,2.9079767494253614,time,0.3,7
2026-01-09 00:00:00+05:30,2026-01-19 00:00:00+05:30,AUBANK,long,999.2000122070312,1020.9500122070312,965.8500104631696,1049.2250148228236,21.75,2.1767413665216675,time,0.4,6
2026-01-12 00:00:00+05:30,2026-01-13 00:00:00+05:30,AUBANK,long,1007.7999877929688,973.9285627092634,973.9285627092634,1058.6071254185267,-33.87142508370539,-3.360927316330109,stop_loss,0.4,1
2026-01-16 00:00:00+05:30,2026-01-19 00:00:00+05:30,AUBANK,long,1025.4000244140625,1020.9500122070312,981.5000348772321,1091.250008719308,-4.45001220703125,-0.4339781647239662,time,0.4,1
2026-01-19 00:00:00+05:30,2026-01-19 00:00:00+05:30,AUBANK,long,1020.9500122070312,1020.9500122070312,977.6286010742188,1085.93212890625,0.0,0.0,time,0.3,0
2025-12-31 00:00:00+05:30,2026-01-19 00:00:00+05:30,AXISBANK,long,1269.4000244140625,1307.5,1233.7714146205358,1322.8429391043526,38.0999755859375,3.0014160117512145,time,0.3,13
2026-01-15 00:00:00+05:30,2026-01-19 00:00:00+05:30,AXISBANK,long,1298.800048828125,1307.5,1257.5286516462054,1360.7071446010045,8.699951171875,0.6698453068064442,time,0.3,2
2026-01-16 00:00:00+05:30,2026-01-19 00:00:00+05:30,AXISBANK,long,1294.199951171875,1307.5,1251.8428431919642,1357.7356131417412,13.300048828125,1.0276656876769346,time,0.4,1
2026-01-19 00:00:00+05:30,2026-01-19 00:00:00+05:30,AXISBANK,long,1307.5,1307.5,1263.3285958426338,1373.7571062360491,0.0,0.0,time,0.4,0
2025-12-31 00:00:00+05:30,2026-01-07 00:00:00+05:30,BAJAJ-AUTO,long,9343.0,9756.464285714286,9067.357142857143,9756.464285714286,413.46428571428623,4.425391049066533,target,0.3,5
2026-01-01 00:00:00+05:30,2026-01-19 00:00:00+05:30,BAJAJ-AUTO,long,9558.0,9429.5,9262.785714285714,10000.82142857143,-128.5,-1.3444235195647625,time,0.3,11
2026-01-02 00:00:00+05:30,2026-01-19 00:00:00+05:30,BAJAJ-AUTO,long,9502.5,9429.5,9183.857142857143,9980.464285714286,-73.0,-0.7682188897658512,time,0.4,10
2026-01-05 00:00:00+05:30,2026-01-19 00:00:00+05:30,BAJAJ-AUTO,long,9497.5,9429.5,9167.142857142857,9993.035714285714,-68.0,-0.7159778889181363,time,0.3,9
2026-01-06 00:00:00+05:30,2026-01-19 00:00:00+05:30,BAJAJ-AUTO,long,9661.0,9429.5,9311.214285714286,10185.67857142857,-231.5,-2.396232274091709,time,0.19999999999999998,8
2026-01-07 00:00:00+05:30,2026-01-19 00:00:00+05:30,BAJAJ-AUTO,long,9789.5,9434.142857142857,9434.142857142857,10322.535714285714,-355.3571428571431,-3.6299825614908126,stop_loss,0.09999999999999998,7
2026-01-08 00:00:00+05:30,2026-01-19 00:00:00+05:30,BAJAJ-AUTO,long,9760.5,9429.5,9408.142857142857,10289.035714285714,-331.0,-3.391219712104913,time,0.19999999999999998,6
2026-01-09 00:00:00+05:30,2026-01-19 00:00:00+05:30,BAJAJ-AUTO,long,9562.5,9429.5,9195.214285714286,10113.42857142857,-133.0,-1.3908496732026143,time,0.3,5
2026-01-12 00:00:00+05:30,2026-01-19 00:00:00+05:30,BAJAJ-AUTO,long,9491.0,9429.5,9105.92857142857,10068.607142857143,-61.5,-0.6479822990201244,time,0.4,4
2026-01-13 00:00:00+05:30,2026-01-19 00:00:00+05:30,BAJAJ-AUTO,long,9554.0,9429.5,9169.857142857143,10130.214285714286,-124.5,-1.3031191124136488,time,0.3,3
2026-01-14 00:00:00+05:30,2026-01-19 00:00:00+05:30,BAJAJ-AUTO,long,9579.5,9429.5,9178.785714285714,10180.57142857143,-150.0,-1.5658437287958662,time,0.4,2
2026-01-16 00:00:00+05:30,2026-01-19 00:00:00+05:30,BAJAJ-AUTO,long,9489.0,9429.5,9074.92857142857,10110.107142857143,-59.5,-0.6270418379175887,time,0.4,1
2026-01-19 00:00:00+05:30,2026-01-19 00:00:00+05:30,BAJAJ-AUTO,long,9429.5,9429.5,9012.0,10055.75,0.0,0.0,time,0.3,0
2026-01-12 00:00:00+05:30,2026-01-19 00:00:00+05:30,BAJFINANCE,long,951.9000244140625,969.4500122070312,915.6499982561384,1006.2750636509486,17.54998779296875,1.8436797292626987,time,0.2,5
2026-01-13 00:00:00+05:30,2026-01-19 00:00:00+05:30,BAJFINANCE,long,949.0,969.4500122070312,914.8285522460938,1000.2571716308594,20.45001220703125,2.154901180930585,time,0.30000000000000004,4
2026-01-14 00:00:00+05:30,2026-01-19 00:00:00+05:30,BAJFINANCE,long,945.9500122070312,969.4500122070312,910.2428501674107,999.5107552664621,23.5,2.48427503533419,time,0.2,3
2026-01-15 00:00:00+05:30,2026-01-19 00:00:00+05:30,BAJFINANCE,long,945.9500122070312,969.4500122070312,912.1999947684152,996.5750383649554,23.5,2.48427503533419,time,0.2,2
2025-12-31 00:00:00+05:30,2026-01-19 00:00:00+05:30,BANKBARODA,long,295.8999938964844,307.1499938964844,287.02856009347096,309.2071446010045,11.25,3.8019602000855817,time,0.3,13
2026-01-01 00:00:00+05:30,2026-01-19 00:00:00+05:30,BANKBARODA,long,300.75,307.1499938964844,291.3999982561384,314.7750026157924,6.399993896484375,2.128011270651496,time,0.4,12
2026-01-02 00:00:00+05:30,2026-01-19 00:00:00+05:30,BANKBARODA,long,305.04998779296875,307.1499938964844,295.5785566057478,319.2571345738002,2.100006103515625,0.6884137641535841,time,0.4,11
2026-01-05 00:00:00+05:30,2026-01-19 00:00:00+05:30,BANKBARODA,long,306.8500061035156,307.1499938964844,297.0142909458705,321.60357883998324,0.29998779296875,0.09776365879150394,time,0.19999999999999998,10
2026-01-06 00:00:00+05:30,2026-01-19 00:00:00+05:30,BANKBARODA,long,305.04998779296875,307.1499938964844,295.2571280343192,319.7392774309431,2.100006103515625,0.6884137641535841,time,0.3,9
2026-01-07 00:00:00+05:30,2026-01-19 00:00:00+05:30,BANKBARODA,long,308.25,307.1499938964844,298.3785705566406,323.05714416503906,-1.100006103515625,-0.35685518362226276,time,0.3,8
2026-01-08 00:00:00+05:30,2026-01-19 00:00:00+05:30,BANKBARODA,long,299.54998779296875,307.1499938964844,288.8142743791853,315.65355791364397,7.600006103515625,2.537141182849355,time,0.4,7
2026-01-09 00:00:00+05:30,2026-01-19 00:00:00+05:30,BANKBARODA,long,300.6499938964844,307.1499938964844,289.27142333984375,317.7178497314453,6.5,2.161982415418904,time,0.4,6
2026-01-12 00:00:00+05:30,2026-01-19 00:00:00+05:30,BANKBARODA,long,302.20001220703125,307.1499938964844,290.2000165666853,320.2000056675502,4.949981689453125,1.6379819621125595,time,0.3,5
2026-01-13 00:00:00+05:30,2026-01-19 00:00:00+05:30,BANKBARODA,long,301.8500061035156,307.1499938964844,289.6857212611607,320.096433367048,5.29998779296875,1.7558349133016702,time,0.4,4
2026-01-14 00:00:00+05:30,2026-01-19 00:00:00+05:30,BANKBARODA,long,307.70001220703125,307.1499938964844,294.2428719656808,327.8857225690569,-0.550018310546875,-0.1787514750492774,time,0.4,3
2026-01-15 00:00:00+05:30,2026-01-19 00:00:00+05:30,BANKBARODA,long,307.70001220703125,307.1499938964844,294.85001482282365,326.9750082833426,-0.550018310546875,-0.1787514750492774,time,0.3,2
2026-01-16 00:00:00+05:30,2026-01-19 00:00:00+05:30,BANKBARODA,long,308.25,307.1499938964844,294.79285975864957,328.43571036202565,-1.100006103515625,-0.35685518362226276,time,0.4,1
2026-01-19 00:00:00+05:30,2026-01-19 00:00:00+05:30,BANKBARODA,long,307.1499938964844,307.1499938964844,294.1499938964844,326.6499938964844,0.0,0.0,time,0.3,0
2026-01-19 00:00:00+05:30,2026-01-19 00:00:00+05:30,BEL,long,412.79998779296875,412.79998779296875,395.9071306501116,438.1392735072545,0.0,0.0,time,0.3,0
2025-12-31 00:00:00+05:30,2026-01-09 00:00:00+05:30,BHARTIARTL,long,2105.60009765625,2044.071533203125,2044.071533203125,2197.8929443359375,-61.528564453125,-2.922139133713597,stop_loss,0.3,7
2026-01-01 00:00:00+05:30,2026-01-09 00:00:00+05:30,BHARTIARTL,long,2110.39990234375,2051.471365792411,2051.471365792411,2198.792707170759,-58.92853655133922,-2.7922924222037193,stop_loss,0.3,6
2026-01-06 00:00:00+05:30,2026-01-09 00:00:00+05:30,BHARTIARTL,long,2105.300048828125,2048.3000837053573,2048.3000837053573,2190.7999965122767,-56.99996512276766,-2.7074509001458296,stop_loss,0.4,3
2026-01-08 00:00:00+05:30,2026-01-16 00:00:00+05:30,BOSCHLTD,long,38660.0,36910.0,36910.0,41285.0,-1750.0,-4.5266425245732025,stop_loss,0.3,5
2026-01-09 00:00:00+05:30,2026-01-19 00:00:00+05:30,BOSCHLTD,long,37995.0,36510.0,36166.42857142857,40737.857142857145,-1485.0,-3.9084090011843666,time,0.4,5
2026-01-12 00:00:00+05:30,2026-01-19 00:00:00+05:30,BOSCHLTD,long,37660.0,36510.0,35702.142857142855,40596.78571428572,-1150.0,-3.0536378120021244,time,0.3,4
2026-01-13 00:00:00+05:30,2026-01-19 00:00:00+05:30,BOSCHLTD,long,37905.0,36510.0,35939.28571428572,40853.57142857143,-1395.0,-3.6802532647407995,time,0.3,3
2026-01-14 00:00:00+05:30,2026-01-19 00:00:00+05:30,BOSCHLTD,long,37455.0,36510.0,35365.71428571428,40588.92857142857,-945.0,-2.523027633159792,time,0.3,2
2025-12-31 00:00:00+05:30,2026-01-07 00:00:00+05:30,BPCL,long,384.0,368.6642761230469,368.6642761230469,407.0035858154297,-15.335723876953125,-3.993678092956543,stop_loss,0.4,5
2026-01-01 00:00:00+05:30,2026-01-08 00:00:00+05:30,BPCL,long,381.5,367.0714198521205,367.0714198521205,403.1428702218192,-14.428580147879472,-3.782065569562116,stop_loss,0.3,5
2026-01-02 00:00:00+05:30,2026-01-08 00:00:00+05:30,BPCL,long,381.45001220703125,367.1142883300781,367.1142883300781,402.95359802246094,-14.335723876953125,-3.7582182247178535,stop_loss,0.3,4
2026-01-05 00:00:00+05:30,2026-01-08 00:00:00+05:30,BPCL,long,377.8999938964844,363.0356924874442,363.0356924874442,400.19644601004467,-14.864301409040195,-3.9333955144523958,stop_loss,0.4,3
2026-01-06 00:00:00+05:30,2026-01-08 00:00:00+05:30,BPCL,long,370.79998779296875,354.9285452706473,354.9285452706473,394.6071515764509,-15.871442522321445,-4.280324445744873,stop_loss,0.4,2
2026-01-01 00:00:00+05:30,2026-01-19 00:00:00+05:30,BRITANNIA,long,6009.5,5943.5,5830.0,6278.75,-66.0,-1.0982610866128628,time,0.3,11
2026-01-05 00:00:00+05:30,2026-01-19 00:00:00+05:30,BRITANNIA,long,6026.5,5943.5,5852.785714285715,6287.071428571428,-83.0,-1.3772504770596532,time,0.4,9
2026-01-06 00:00:00+05:30,2026-01-12 00:00:00+05:30,BRITANNIA,long,6129.5,5944.214285714285,5944.214285714285,6407.428571428572,-185.28571428571468,-3.0228520154289042,stop_loss,0.3,4
2026-01-07 00:00:00+05:30,2026-01-09 00:00:00+05:30,BRITANNIA,long,6185.0,5988.785714285715,5988.785714285715,6479.321428571428,-196.21428571428532,-3.172421757708736,stop_loss,0.4,2
2025-12-31 00:00:00+05:30,2026-01-19 00:00:00+05:30,CANBK,long,154.91000366210938,156.86000061035156,149.442866734096,163.11070905412947,1.9499969482421875,1.2587934298262187,time,0.3,13
2026-01-01 00:00:00+05:30,2026-01-19 00:00:00+05:30,CANBK,long,154.24000549316406,156.86000061035156,148.68001011439733,162.57999856131417,2.6199951171875,1.6986482260619593,time,0.3,12
2026-01-02 00:00:00+05:30,2026-01-19 00:00:00+05:30,CANBK,long,154.8699951171875,156.86000061035156,149.3142852783203,163.20355987548828,1.9900054931640625,1.284952254087862,time,0.4,11
2026-01-05 00:00:00+05:30,2026-01-19 00:00:00+05:30,CANBK,long,154.22999572753906,156.86000061035156,148.43571254185267,162.92142050606864,2.6300048828125,1.7052486258630497,time,0.3,10
2026-01-06 00:00:00+05:30,2026-01-19 00:00:00+05:30,CANBK,long,153.8800048828125,156.86000061035156,148.13572256905692,162.49642835344588,2.9799957275390625,1.936571115791478,time,0.3,9
2026-01-07 00:00:00+05:30,2026-01-19 00:00:00+05:30,CANBK,long,152.9600067138672,156.86000061035156,147.03286743164062,161.85071563720703,3.899993896484375,2.5496820902864186,time,0.4,8
2026-01-14 00:00:00+05:30,2026-01-19 00:00:00+05:30,CANBK,long,153.88999938964844,156.86000061035156,146.5714329310826,164.8678490774972,2.970001220703125,1.9299507651456298,time,0.4,3
2026-01-15 00:00:00+05:30,2026-01-19 00:00:00+05:30,CANBK,long,153.88999938964844,156.86000061035156,146.84143284388952,164.46284920828683,2.970001220703125,1.9299507651456298,time,0.3,2
2026-01-16 00:00:00+05:30,2026-01-19 00:00:00+05:30,CANBK,long,157.1300048828125,156.86000061035156,149.86143929617745,168.03285326276506,-0.2700042724609375,-0.17183495454118175,time,0.4,1
2026-01-19 00:00:00+05:30,2026-01-19 00:00:00+05:30,CANBK,long,156.86000061035156,156.86000061035156,149.9242924281529,167.26356288364954,0.0,0.0,time,0.3,0
2026-01-08 00:00:00+05:30,2026-01-13 00:00:00+05:30,CGPOWER,long,614.25,583.7357090541294,583.7357090541294,660.0214364188058,-30.514290945870584,-4.967731533719265,stop_loss,0.30000000000000004,3
2026-01-09 00:00:00+05:30,2026-01-19 00:00:00+05:30,CGPOWER,long,594.75,590.0,560.9357038225446,645.471444266183,-4.75,-0.7986548970155528,time,0.30000000000000004,6
2026-01-12 00:00:00+05:30,2026-01-19 00:00:00+05:30,CGPOWER,long,585.7999877929688,590.0,550.8428344726562,638.2357177734375,4.20001220703125,0.716970347311718,time,0.2,5
2026-01-13 00:00:00+05:30,2026-01-19 00:00:00+05:30,CGPOWER,long,581.5999755859375,590.0,545.4999651227679,635.749991280692,8.4000244140625,1.4442958677224547,time,0.2,4
2026-01-14 00:00:00+05:30,2026-01-19 00:00:00+05:30,CGPOWER,long,576.9000244140625,590.0,539.3285871233259,633.2571803501673,13.0999755859375,2.27075316892952,time,0.2,3
2026-01-15 00:00:00+05:30,2026-01-19 00:00:00+05:30,CGPOWER,long,576.9000244140625,590.0,541.2857317243304,630.3214634486608,13.0999755859375,2.27075316892952,time,0.2,2
2026-01-16 00:00:00+05:30,2026-01-19 00:00:00+05:30,CGPOWER,long,561.7000122070312,590.0,525.0500052315848,616.6750226702009,28.29998779296875,5.038274377415884,time,0.30000000000000004,1
2026-01-06 00:00:00+05:30,2026-01-12 00:00:00+05:30,CHOLAFIN,long,1805.4000244140625,1712.4142892020088,1712.4142892020088,1944.878627232143,-92.98573521205367,-5.150422840070135,stop_loss,0.4,4
2026-01-07 00:00:00+05:30,2026-01-14 00:00:00+05:30,CHOLAFIN,long,1786.5,1693.1714041573662,1693.1714041573662,1926.4928937639509,-93.32859584263383,-5.224102761972227,stop_loss,0.3,5
2026-01-08 00:00:00+05:30,2026-01-19 00:00:00+05:30,CHOLAFIN,long,1754.0,1700.4000244140625,1664.3285609654017,1888.5071585518972,-53.5999755859375,-3.055870899996437,time,0.4,7
2026-01-09 00:00:00+05:30,2026-01-19 00:00:00+05:30,CHOLAFIN,long,1717.0999755859375,1700.4000244140625,1633.142822265625,1843.0357055664062,-16.699951171875,-0.9725672010551608,time,0.4,6
2026-01-16 00:00:00+05:30,2026-01-19 00:00:00+05:30,CIPLA,long,1397.5,1392.300048828125,1342.4285191127233,1480.107221330915,-5.199951171875,-0.37208952929338107,time,0.30000000000000004,1
2026-01-19 00:00:00+05:30,2026-01-19 00:00:00+05:30,CIPLA,long,1392.300048828125,1392.300048828125,1336.7000034877233,1475.7001168387276,0.0,0.0,time,0.2,0
2025-12-31 00:00:00+05:30,2026-01-02 00:00:00+05:30,COALINDIA,long,399.0,416.61429486955916,387.2571367536272,416.61429486955916,17.61429486955916,4.414610242997283,target,0.4,2
2026-01-01 00:00:00+05:30,2026-01-02 00:00:00+05:30,COALINDIA,long,400.45001220703125,418.289304460798,388.5571507045201,418.289304460798,17.839292253766757,4.4548112648187175,target,0.3,1
2026-01-02 00:00:00+05:30,2026-01-19 00:00:00+05:30,COALINDIA,long,427.8999938964844,430.1499938964844,412.55713326590404,450.9142848423549,2.25,0.5258237981055709,time,0.19999999999999998,11
2026-01-05 00:00:00+05:30,2026-01-19 00:00:00+05:30,COALINDIA,long,427.45001220703125,430.1499938964844,411.0928649902344,451.98573303222656,2.699981689453125,0.6316485231834349,time,0.09999999999999998,10
2026-01-06 00:00:00+05:30,2026-01-19 00:00:00+05:30,COALINDIA,long,427.04998779296875,430.1499938964844,410.4214172363281,451.9928436279297,3.100006103515625,0.7259117649286737,time,0.09999999999999998,9
2026-01-07 00:00:00+05:30,2026-01-19 00:00:00+05:30,COALINDIA,long,431.6499938964844,430.1499938964844,414.28570556640625,457.69642639160156,-1.5,-0.3475037695378077,time,0.19999999999999998,8
2026-01-08 00:00:00+05:30,2026-01-19 00:00:00+05:30,COALINDIA,long,425.25,430.1499938964844,406.92857142857144,452.7321428571429,4.899993896484375,1.1522619392085538,time,0.09999999999999998,7
2026-01-09 00:00:00+05:30,2026-01-19 00:00:00+05:30,COALINDIA,long,418.3500061035156,430.1499938964844,398.85001046316967,447.5999995640346,11.79998779296875,2.8206017977322526,time,0.4,6
2026-01-12 00:00:00+05:30,2026-01-19 00:00:00+05:30,COALINDIA,long,432.29998779296875,430.1499938964844,412.3999938964844,462.1499786376953,-2.149993896484375,-0.49733841249008337,time,0.19999999999999998,5
2026-01-13 00:00:00+05:30,2026-01-19 00:00:00+05:30,COALINDIA,long,428.8999938964844,430.1499938964844,409.2571454729353,458.364266531808,1.25,0.2914432310068275,time,0.3,4
2026-01-14 00:00:00+05:30,2026-01-19 00:00:00+05:30,COALINDIA,long,432.20001220703125,430.1499938964844,410.47144862583707,464.7928575788226,-2.050018310546875,-0.47432166882144394,time,0.4,3
2026-01-15 00:00:00+05:30,2026-01-19 00:00:00+05:30,COALINDIA,long,432.20001220703125,430.1499938964844,411.58573259626115,463.12143162318637,-2.050018310546875,-0.47432166882144394,time,0.3,2
2026-01-16 00:00:00+05:30,2026-01-19 00:00:00+05:30,COALINDIA,long,431.0,430.1499938964844,410.5142909458705,461.7285635811942,-0.850006103515625,-0.19721719339109628,time,0.4,1
2026-01-19 00:00:00+05:30,2026-01-19 00:00:00+05:30,COALINDIA,long,430.1499938964844,430.1499938964844,409.75714111328125,460.73927307128906,0.0,0.0,time,0.4,0
2026-01-13 00:00:00+05:30,2026-01-19 00:00:00+05:30,DLF,long,652.4000244140625,641.8499755859375,622.1428833007812,697.7857360839844,-10.550048828125,-1.6171134937648528,time,0.30000000000000004,3
2026-01-14 00:00:00+05:30,2026-01-19 00:00:00+05:30,DLF,long,651.0499877929688,641.8499755859375,619.05712890625,699.0392761230469,-9.20001220703125,-1.4131038137668803,time,0.2,2
2026-01-16 00:00:00+05:30,2026-01-19 00:00:00+05:30,DLF,long,649.8499755859375,641.8499755859375,616.0499703543527,700.5499834333148,-8.0,-1.231053366246078,time,0.2,1
2026-01-19 00:00:00+05:30,2026-01-19 00:00:00+05:30,DLF,long,641.8499755859375,641.8499755859375,607.4785505022321,693.4071132114955,0.0,0.0,time,0.2,0
2026-01-08 00:00:00+05:30,2026-01-19 00:00:00+05:30,DRREDDY,long,1206.9000244140625,1170.5428466796875,1170.5428466796875,1261.435791015625,-36.357177734375,-3.012443201500972,stop_loss,0.30000000000000004,7
2026-01-13 00:00:00+05:30,2026-01-19 00:00:00+05:30,DRREDDY,long,1191.300048828125,1167.199951171875,1153.6714390345983,1247.742963518415,-24.10009765625,-2.0230081984767083,time,0.30000000000000004,4
2026-01-14 00:00:00+05:30,2026-01-19 00:00:00+05:30,DRREDDY,long,1186.5,1167.199951171875,1146.17138671875,1246.992919921875,-19.300048828125,-1.6266370693742098,time,0.30000000000000004,3
2026-01-15 00:00:00+05:30,2026-01-19 00:00:00+05:30,DRREDDY,long,1186.5,1167.199951171875,1148.1571044921875,1244.0143432617188,-19.300048828125,-1.6266370693742098,time,0.2,2
2026-01-16 00:00:00+05:30,2026-01-19 00:00:00+05:30,DRREDDY,long,1175.5,1167.199951171875,1135.785679408482,1235.0714808872767,-8.300048828125,-0.7060866718949383,time,0.30000000000000004,1
2026-01-19 00:00:00+05:30,2026-01-19 00:00:00+05:30,DRREDDY,long,1167.199951171875,1167.199951171875,1128.014195033482,1225.9785853794642,0.0,0.0,time,0.2,0
2025-12-31 00:00:00+05:30,2026-01-19 00:00:00+05:30,EICHERMOT,long,7312.5,7323.5,7087.714285714285,7649.678571428572,11.0,0.15042735042735042,time,0.3,12
2026-01-01 00:00:00+05:30,2026-01-19 00:00:00+05:30,EICHERMOT,long,7348.0,7323.5,7122.5,7686.25,-24.5,-0.33342406096897115,time,0.3,11
2026-01-02 00:00:00+05:30,2026-01-19 00:00:00+05:30,EICHERMOT,long,7334.5,7323.5,7116.142857142857,7662.035714285715,-11.0,-0.14997614015952007,time,0.4,10
2026-01-05 00:00:00+05:30,2026-01-19 00:00:00+05:30,EICHERMOT,long,7482.5,7323.5,7249.785714285715,7831.571428571428,-159.0,-2.1249582358837285,time,0.4,9
2026-01-06 00:00:00+05:30,2026-01-19 00:00:00+05:30,EICHERMOT,long,7522.5,7323.5,7293.857142857143,7865.464285714285,-199.0,-2.6453971419076105,time,0.3,8
2026-01-07 00:00:00+05:30,2026-01-16 00:00:00+05:30,EICHERMOT,long,7582.5,7357.214285714285,7357.214285714285,7920.428571428572,-225.28571428571468,-2.971127125429801,stop_loss,0.09999999999999998,6
2026-01-08 00:00:00+05:30,2026-01-16 00:00:00+05:30,EICHERMOT,long,7551.0,7340.714285714285,7340.714285714285,7866.428571428572,-210.28571428571468,-2.7848723915470095,stop_loss,0.4,5
2026-01-09 00:00:00+05:30,2026-01-19 00:00:00+05:30,EICHERMOT,long,7507.0,7323.5,7292.357142857143,7828.964285714285,-183.5,-2.444385240442254,time,0.4,5
2026-01-12 00:00:00+05:30,2026-01-19 00:00:00+05:30,EICHERMOT,long,7436.0,7323.5,7203.214285714285,7785.178571428572,-112.5,-1.5129101667563207,time,0.3,4
2026-01-13 00:00:00+05:30,2026-01-19 00:00:00+05:30,EICHERMOT,long,7404.0,7323.5,7163.0,7765.5,-80.5,-1.0872501350621284,time,0.3,3
2026-01-01 00:00:00+05:30,2026-01-19 00:00:00+05:30,ESCORTS,long,3820.60009765625,3646.885916573661,3646.885916573661,4081.171369280134,-173.71418108258922,-4.5467773816253185,stop_loss,0.4,11
2026-01-02 00:00:00+05:30,2026-01-19 00:00:00+05:30,ESCORTS,long,3847.10009765625,3675.171630859375,3675.171630859375,4104.9927978515625,-171.928466796875,-4.4690406392497595,stop_loss,0.3,10
2026-01-05 00:00:00+05:30,2026-01-12 00:00:00+05:30,ESCORTS,long,3962.10009765625,3783.385916573661,3783.385916573661,4230.171369280134,-178.71418108258922,-4.510592278784331,stop_loss,0.19999999999999998,5
2026-01-06 00:00:00+05:30,2026-01-12 00:00:00+05:30,ESCORTS,long,3948.60009765625,3768.5287737165177,3768.5287737165177,4218.707083565848,-180.07132393973234,-4.560383920534681,stop_loss,0.3,4
2026-01-07 00:00:00+05:30,2026-01-14 00:00:00+05:30,ESCORTS,long,3890.10009765625,3710.6573311941966,3710.6573311941966,4159.264247349331,-179.44276646205344,-4.612805890783275,stop_loss,0.4,5
2026-01-08 00:00:00+05:30,2026-01-14 00:00:00+05:30,ESCORTS,long,3882.10009765625,3701.071602957589,3701.071602957589,4153.642839704241,-181.02849469866078,-4.663158861049296,stop_loss,0.4,4
2026-01-09 00:00:00+05:30,2026-01-19 00:00:00+05:30,ESCORTS,long,3818.39990234375,3639.3999372209823,3639.3999372209823,4086.8998500279017,-178.99996512276766,-4.687826568738825,stop_loss,0.3,5
2025-12-31 00:00:00+05:30,2026-01-06 00:00:00+05:30,FEDERALBNK,long,267.1000061035156,258.8214329310826,258.8214329310826,279.5178658621652,-8.278573172433028,-3.0994282977382768,stop_loss,0.3,4
2026-01-01 00:00:00+05:30,2026-01-06 00:00:00+05:30,FEDERALBNK,long,266.25,258.0499965122768,258.0499965122768,278.5500052315848,-8.200003487723222,-3.079813516515764,stop_loss,0.3,3
2026-01-02 00:00:00+05:30,2026-01-06 00:00:00+05:30,FEDERALBNK,long,266.95001220703125,259.1071515764509,259.1071515764509,278.7143031529018,-7.842860630580333,-2.937951029010576,stop_loss,0.4,2
2026-01-16 00:00:00+05:30,2026-01-19 00:00:00+05:30,FEDERALBNK,long,270.25,279.70001220703125,255.6500026157924,292.14999607631137,9.45001220703125,3.4967667741096204,time,0.4,1
2026-01-19 00:00:00+05:30,2026-01-19 00:00:00+05:30,FEDERALBNK,long,279.70001220703125,279.70001220703125,264.7285853794643,302.1571524483817,0.0,0.0,time,0.3,0
2025-12-31 00:00:00+05:30,2026-01-19 00:00:00+05:30,GRASIM,long,2829.0,2780.0,2753.028634207589,2942.957048688616,-49.0,-1.7320607988688583,time,0.3,12
2026-01-01 00:00:00+05:30,2026-01-09 00:00:00+05:30,GRASIM,long,2851.699951171875,2778.0142996651784,2778.0142996651784,2962.22842843192,-73.68565150669656,-2.5839202149025615,stop_loss,0.4,6
2026-01-02 00:00:00+05:30,2026-01-09 00:00:00+05:30,GRASIM,long,2856.39990234375,2782.142822265625,2782.142822265625,2967.7855224609375,-74.257080078125,-2.599673806780176,stop_loss,0.4,5
2026-01-05 00:00:00+05:30,2026-01-19 00:00:00+05:30,GRASIM,long,2848.89990234375,2780.0,2774.0713936941966,2961.14266531808,-68.89990234375,-2.4184739620745193,time,0.4,9
2026-01-06 00:00:00+05:30,2026-01-09 00:00:00+05:30,GRASIM,long,2865.300048828125,2790.5286690848216,2790.5286690848216,2977.45711844308,-74.77137974330344,-2.6095479869162075,stop_loss,0.3,3
2026-01-07 00:00:00+05:30,2026-01-19 00:00:00+05:30,GRASIM,long,2837.10009765625,2780.0,2759.785888671875,2953.0714111328125,-57.10009765625,-2.012621891748579,time,0.3,7
2026-01-14 00:00:00+05:30,2026-01-19 00:00:00+05:30,GRINDWELL,long,1589.800048828125,1566.800048828125,1515.614292689732,1701.0786830357142,-23.0,-1.4467228137874182,time,0.3,2
2026-01-16 00:00:00+05:30,2026-01-19 00:00:00+05:30,GRINDWELL,long,1600.199951171875,1566.800048828125,1521.3284912109375,1718.5071411132812,-33.39990234375,-2.0872330560496666,time,0.3,1
2026-01-19 00:00:00+05:30,2026-01-19 00:00:00+05:30,HAVELLS,long,1447.0999755859375,1447.0999755859375,1384.0142473493304,1541.7285679408483,0.0,0.0,time,0.4,0
2026-01-09 00:00:00+05:30,2026-01-19 00:00:00+05:30,HCLTECH,long,1649.4510498046875,1716.800048828125,1596.435109010311,1728.9749609962523,67.3489990234375,4.083115957361229,time,0.4,6
2026-01-12 00:00:00+05:30,2026-01-19 00:00:00+05:30,HCLTECH,long,1655.6064453125,1716.800048828125,1601.881373544394,1736.1940529646592,61.193603515625,3.6961443155093874,time,0.4,5
2026-01-13 00:00:00+05:30,2026-01-19 00:00:00+05:30,HCLTECH,long,1653.025146484375,1716.800048828125,1591.2583377630965,1745.6753595662926,63.77490234375,3.858072121854005,time,0.4,4
2026-01-14 00:00:00+05:30,2026-01-19 00:00:00+05:30,HCLTECH,long,1656.5,1716.800048828125,1590.6626684544838,1755.2559973182742,60.300048828125,3.640208199705705,time,0.3,3
2026-01-15 00:00:00+05:30,2026-01-19 00:00:00+05:30,HCLTECH,long,1656.5,1716.800048828125,1594.3360612508577,1749.7459081237134,60.300048828125,3.640208199705705,time,0.3,2
2026-01-16 00:00:00+05:30,2026-01-19 00:00:00+05:30,HCLTECH,long,1698.0,1716.800048828125,1634.5281623066257,1793.2077565400614,18.800048828125,1.1071877990650765,time,0.4,1
2026-01-19 00:00:00+05:30,2026-01-19 00:00:00+05:30,HCLTECH,long,1716.800048828125,1716.800048828125,1651.9743576187777,1814.0385856421458,0.0,0.0,time,0.09999999999999998,0
2026-01-07 00:00:00+05:30,2026-01-19 00:00:00+05:30,HDFCBANK,long,949.0499877929688,927.9000244140625,924.9571184430804,985.1892918178013,-21.14996337890625,-2.2285405037611175,time,0.30000000000000004,8
2026-01-08 00:00:00+05:30,2026-01-19 00:00:00+05:30,HDFCBANK,long,946.7000122070312,927.9000244140625,922.2785731724331,983.3321707589286,-18.79998779296875,-1.9858442537822036,time,0.2,7
2026-01-09 00:00:00+05:30,2026-01-19 00:00:00+05:30,HDFCBANK,long,939.0,927.9000244140625,913.3928484235491,977.4107273646763,-11.0999755859375,-1.1821060261914271,time,0.30000000000000004,6
2026-01-12 00:00:00+05:30,2026-01-19 00:00:00+05:30,HDFCBANK,long,936.9500122070312,927.9000244140625,911.1714303152902,975.6178850446429,-9.04998779296875,-0.9658986792316769,time,0.2,5
2026-01-13 00:00:00+05:30,2026-01-19 00:00:00+05:30,HDFCBANK,long,937.3499755859375,927.9000244140625,910.3285348074777,977.8821367536273,-9.449951171875,-1.0081561229003964,time,0.30000000000000004,4
2026-01-14 00:00:00+05:30,2026-01-19 00:00:00+05:30,HDFCBANK,long,925.4500122070312,927.9000244140625,895.5928606305804,970.2357395717075,2.45001220703125,0.264737389887587,time,0.30000000000000004,3
2026-01-15 00:00:00+05:30,2026-01-19 00:00:00+05:30,HDFCBANK,long,925.4500122070312,927.9000244140625,896.9500034877232,968.2000252859933,2.45001220703125,0.264737389887587,time,0.2,2
2026-01-16 00:00:00+05:30,2026-01-19 00:00:00+05:30,HDFCBANK,long,931.0999755859375,927.9000244140625,901.6642543247768,975.2535574776786,-3.199951171875,-0.3436742837267592,time,0.30000000000000004,1
2026-01-19 00:00:00+05:30,2026-01-19 00:00:00+05:30,HDFCBANK,long,927.9000244140625,927.9000244140625,897.9142979213169,972.8786141531808,0.0,0.0,time,0.30000000000000004,0
2026-01-02 00:00:00+05:30,2026-01-14 00:00:00+05:30,HEROMOTOCO,long,5933.0,5697.285714285715,5697.285714285715,6286.571428571428,-235.71428571428532,-3.9729358792227427,stop_loss,0.4,8
2026-01-05 00:00:00+05:30,2026-01-12 00:00:00+05:30,HEROMOTOCO,long,5985.5,5740.285714285715,5740.285714285715,6353.321428571428,-245.21428571428532,-4.096805374894083,stop_loss,0.3,5
2026-01-06 00:00:00+05:30,2026-01-12 00:00:00+05:30,HEROMOTOCO,long,6000.0,5770.785714285715,5770.785714285715,6343.821428571428,-229.21428571428532,-3.820238095238089,stop_loss,0.3,4
2025-12-31 00:00:00+05:30,2026-01-06 00:00:00+05:30,HINDALCO,long,886.7000122070312,936.221435546875,853.6857299804688,936.221435546875,49.52142333984375,5.584912897044286,target,0.09999999999999998,4
2026-01-01 00:00:00+05:30,2026-01-06 00:00:00+05:30,HINDALCO,long,894.9500122070312,940.7964303152902,864.3857334681919,940.7964303152902,45.846418108258945,5.12279093613255,target,0.09999999999999998,3
2026-01-02 00:00:00+05:30,2026-01-19 00:00:00+05:30,HINDALCO,long,925.7000122070312,939.9500122070312,892.078595842634,976.1321367536273,14.25,1.5393755873488106,time,0.19999999999999998,11
2026-01-05 00:00:00+05:30,2026-01-19 00:00:00+05:30,HINDALCO,long,931.7000122070312,939.9500122070312,898.7214442661831,981.1678641183036,8.25,0.8854781466039933,time,0.09999999999999998,10
2026-01-06 00:00:00+05:30,2026-01-08 00:00:00+05:30,HINDALCO,long,942.25,905.7928641183036,905.7928641183036,996.9357038225446,-36.457135881696445,-3.869157429736954,stop_loss,0.19999999999999998,2
2026-01-07 00:00:00+05:30,2026-01-09 00:00:00+05:30,HINDALCO,long,938.4500122070312,901.2714494977679,901.2714494977679,994.2178562709264,-37.17856270926336,-3.9616987826370664,stop_loss,0.09999999999999998,2
2026-01-08 00:00:00+05:30,2026-01-19 00:00:00+05:30,HINDALCO,long,903.9500122070312,939.9500122070312,863.4857352120536,964.6464276994977,36.0,3.982521103363284,time,0.3,7
2026-01-09 00:00:00+05:30,2026-01-19 00:00:00+05:30,HINDALCO,long,900.9500122070312,939.9500122070312,861.3285871233259,960.3821498325892,39.0,4.328764023706801,time,0.3,6
2026-01-12 00:00:00+05:30,2026-01-19 00:00:00+05:30,HINDALCO,long,920.1500244140625,939.9500122070312,878.5285993303571,982.5821620396205,19.79998779296875,2.1518216885966046,time,0.4,5
2026-01-13 00:00:00+05:30,2026-01-19 00:00:00+05:30,HINDALCO,long,936.2999877929688,939.9500122070312,895.0214146205357,998.2178475516183,3.6500244140625,0.3898349312880244,time,0.3,4
2026-01-14 00:00:00+05:30,2026-01-19 00:00:00+05:30,HINDALCO,long,955.3499755859375,939.9500122070312,910.8285435267857,1022.1321236746652,-15.39996337890625,-1.6119708768989196,time,0.19999999999999998,3
2026-01-15 00:00:00+05:30,2026-01-19 00:00:00+05:30,HINDALCO,long,955.3499755859375,939.9500122070312,912.7928292410714,1019.1856951032366,-15.39996337890625,-1.6119708768989196,time,0.09999999999999998,2
2026-01-16 00:00:00+05:30,2026-01-19 00:00:00+05:30,HINDALCO,long,934.6500244140625,939.9500122070312,890.6714477539062,1000.6178894042969,5.29998779296875,0.5670558663165224,time,0.4,1
2026-01-19 00:00:00+05:30,2026-01-19 00:00:00+05:30,HINDALCO,long,939.9500122070312,939.9500122070312,896.8428693498884,1004.6107264927455,0.0,0.0,time,0.3,0
2026-01-12 00:00:00+05:30,2026-01-19 00:00:00+05:30,ICICIBANK,long,1413.0999755859375,1380.5999755859375,1374.2428327287946,1471.3856898716517,-32.5,-2.299908043415256,time,0.3,5
2026-01-13 00:00:00+05:30,2026-01-19 00:00:00+05:30,ICICIBANK,long,1437.0,1395.2714146205358,1395.2714146205358,1499.5928780691963,-41.72858537946422,-2.9038681544512333,stop_loss,0.4,4
2026-01-14 00:00:00+05:30,2026-01-19 00:00:00+05:30,ICICIBANK,long,1418.4000244140625,1380.5999755859375,1372.5285818917412,1487.2071881975446,-37.800048828125,-2.664978015897885,time,0.3,3
2026-01-15 00:00:00+05:30,2026-01-19 00:00:00+05:30,ICICIBANK,long,1418.4000244140625,1380.5999755859375,1374.4571533203125,1484.3143310546875,-37.800048828125,-2.664978015897885,time,0.3,2
2026-01-16 00:00:00+05:30,2026-01-19 00:00:00+05:30,ICICIBANK,long,1410.800048828125,1380.5999755859375,1364.771449497768,1479.8429478236608,-30.2000732421875,-2.140634547558533,time,0.4,1
2025-12-31 00:00:00+05:30,2026-01-19 00:00:00+05:30,IDFCFIRSTB,long,85.61000061035156,83.12000274658203,82.7857175554548,89.84642519269671,-2.4899978637695312,-2.9085362060708273,time,0.3,13
2026-01-01 00:00:00+05:30,2026-01-13 00:00:00+05:30,IDFCFIRSTB,long,85.61000061035156,82.96143232073102,82.96143232073102,89.58285304478237,-2.648568289620542,-3.093760391003068,stop_loss,0.3,8
2026-01-02 00:00:00+05:30,2026-01-13 00:00:00+05:30,IDFCFIRSTB,long,85.91999816894531,83.43714468819755,83.43714468819755,89.64427839006696,-2.482853480747764,-2.889727110870865,stop_loss,0.4,7
2026-01-05 00:00:00+05:30,2026-01-19 00:00:00+05:30,IDFCFIRSTB,long,84.93000030517578,83.12000274658203,82.327146257673,88.83428137642997,-1.80999755859375,-2.131163961014899,time,0.3,10
2026-01-06 00:00:00+05:30,2026-01-19 00:00:00+05:30,IDFCFIRSTB,long,84.7300033569336,83.12000274658203,81.99572099958148,88.83142689296177,-1.6100006103515625,-1.90015407360398,time,0.4,9
2026-01-07 00:00:00+05:30,2026-01-19 00:00:00+05:30,IDFCFIRSTB,long,84.4000015258789,83.12000274658203,81.60286058698382,88.59571293422154,-1.279998779296875,-1.5165862039758364,time,0.4,8
2026-01-08 00:00:00+05:30,2026-01-13 00:00:00+05:30,IDFCFIRSTB,long,86.06999969482422,83.02714429582868,83.02714429582868,90.63428279331752,-3.042855398995542,-3.5353263736313485,stop_loss,0.4,3
2026-01-09 00:00:00+05:30,2026-01-19 00:00:00+05:30,IDFCFIRSTB,long,86.0,83.12000274658203,82.95143018450055,90.57285472324916,-2.8799972534179688,-3.3488340156022893,time,0.3,6
2026-01-01 00:00:00+05:30,2026-01-07 00:00:00+05:30,INDHOTEL,long,738.5999755859375,715.9428274972098,715.9428274972098,772.585697719029,-22.657148088727695,-3.0675804004398444,stop_loss,0.3,4
2026-01-02 00:00:00+05:30,2026-01-07 00:00:00+05:30,INDHOTEL,long,748.6500244140625,725.6857386997768,725.6857386997768,783.096452985491,-22.964285714285666,-3.067426028905678,stop_loss,0.4,3
2026-01-05 00:00:00+05:30,2026-01-07 00:00:00+05:30,INDHOTEL,long,744.2000122070312,720.8357195172991,720.8357195172991,779.2464512416294,-23.36429268973211,-3.139517912723754,stop_loss,0.4,2
2026-01-13 00:00:00+05:30,2026-01-19 00:00:00+05:30,INDHOTEL,long,678.1500244140625,668.3499755859375,649.8285871233259,720.6321803501675,-9.800048828125,-1.445115162620907,time,0.30000000000000004,4
2026-01-19 00:00:00+05:30,2026-01-19 00:00:00+05:30,INDHOTEL,long,668.3499755859375,668.3499755859375,638.0571027483259,713.789284842355,0.0,0.0,time,0.2,0
2026-01-09 00:00:00+05:30,2026-01-19 00:00:00+05:30,INDIGO,long,4844.0,4941.5,4682.0,5087.0,97.5,2.012799339388935,time,0.2,6
2026-01-13 00:00:00+05:30,2026-01-19 00:00:00+05:30,INDIGO,long,4759.5,4941.5,4588.571428571428,5015.892857142857,182.0,3.823931085198025,time,0.30000000000000004,4
2026-01-14 00:00:00+05:30,2026-01-19 00:00:00+05:30,INDIGO,long,4733.0,4941.5,4553.714285714285,5001.928571428572,208.5,4.405239805620114,time,0.2,3
2026-01-15 00:00:00+05:30,2026-01-19 00:00:00+05:30,INDIGO,long,4733.0,4941.5,4563.285714285715,4987.571428571428,208.5,4.405239805620114,time,0.2,2
2026-01-16 00:00:00+05:30,2026-01-19 00:00:00+05:30,INDIGO,long,4740.0,4941.5,4566.928571428572,4999.607142857143,201.5,4.251054852320675,time,0.30000000000000004,1
2025-12-31 00:00:00+05:30,2026-01-14 00:00:00+05:30,INDUSINDBK,long,864.2000122070312,914.3642926897321,830.7571585518973,914.3642926897321,50.16428048270086,5.804707217555941,target,0.3,10
2026-01-01 00:00:00+05:30,2026-01-14 00:00:00+05:30,INDUSINDBK,long,890.2000122070312,943.0321393694196,854.9785940987723,943.0321393694196,52.83212716238836,5.934860305315446,target,0.4,9
2026-01-02 00:00:00+05:30,2026-01-19 00:00:00+05:30,INDUSINDBK,long,902.4500122070312,949.7999877929688,867.0214494977679,955.5928562709264,47.3499755859375,5.246825302837375,time,0.19999999999999998,10
2026-01-05 00:00:00+05:30,2026-01-16 00:00:00+05:30,INDUSINDBK,long,899.9500122070312,953.6392822265625,864.1571655273438,953.6392822265625,53.68927001953125,5.965805799353683,target,0.09999999999999998,8
2026-01-06 00:00:00+05:30,2026-01-19 00:00:00+05:30,INDUSINDBK,long,914.25,949.7999877929688,875.7142944335938,972.0535583496094,35.54998779296875,3.8884318067234074,time,0.19999999999999998,8
2026-01-07 00:00:00+05:30,2026-01-19 00:00:00+05:30,INDUSINDBK,long,897.8499755859375,949.7999877929688,857.1214076450893,958.9428274972098,51.95001220703125,5.786045956411441,time,0.3,7
2026-01-08 00:00:00+05:30,2026-01-16 00:00:00+05:30,INDUSINDBK,long,883.4500122070312,946.6321498325892,841.3285871233259,946.6321498325892,63.18213762555797,7.151750155927511,target,0.4,5
2026-01-09 00:00:00+05:30,2026-01-14 00:00:00+05:30,INDUSINDBK,long,882.25,943.7285766601562,841.2642822265625,943.7285766601562,61.47857666015625,6.968384999734344,target,0.3,3
2026-01-12 00:00:00+05:30,2026-01-19 00:00:00+05:30,INDUSINDBK,long,905.4500122070312,949.7999877929688,862.2714320591518,970.2178824288504,44.3499755859375,4.89811419603768,time,0.4,4
2026-01-13 00:00:00+05:30,2026-01-19 00:00:00+05:30,INDUSINDBK,long,910.5499877929688,949.7999877929688,867.1499720982143,975.6500113351004,39.25,4.310581574454345,time,0.3,3
2026-01-14 00:00:00+05:30,2026-01-19 00:00:00+05:30,INDUSINDBK,long,944.5,949.7999877929688,894.8285522460938,1019.0071716308594,5.29998779296875,0.5611421697161196,time,0.19999999999999998,2
2026-01-16 00:00:00+05:30,2026-01-19 00:00:00+05:30,INDUSINDBK,long,953.8499755859375,949.7999877929688,904.1285313197544,1028.432141985212,-4.04998779296875,-0.42459379322003926,time,0.09999999999999998,1
2026-01-19 00:00:00+05:30,2026-01-19 00:00:00+05:30,INDUSINDBK,long,949.7999877929688,949.7999877929688,899.7214006696429,1024.9178684779577,0.0,0.0,time,0.09999999999999998,0
2026-01-01 00:00:00+05:30,2026-01-19 00:00:00+05:30,INFY,long,1629.800048828125,1681.199951171875,1578.8571602957588,1706.2143816266741,51.39990234375,3.1537551112916007,time,0.3,12
2026-01-02 00:00:00+05:30,2026-01-19 00:00:00+05:30,INFY,long,1640.4000244140625,1681.199951171875,1590.857142857143,1714.714346749442,40.7999267578125,2.4871937424157196,time,0.3,11
2026-01-07 00:00:00+05:30,2026-01-19 00:00:00+05:30,INFY,long,1639.0,1681.199951171875,1584.0428292410713,1721.435756138393,42.199951171875,2.57473771640482,time,0.4,8
2026-01-16 00:00:00+05:30,2026-01-19 00:00:00+05:30,INFY,long,1689.800048828125,1681.199951171875,1626.771449497768,1784.3429478236608,-8.60009765625,-0.5089417332076751,time,0.4,1
2026-01-19 00:00:00+05:30,2026-01-19 00:00:00+05:30,INFY,long,1681.199951171875,1681.199951171875,1619.2856270926338,1774.0714372907366,0.0,0.0,time,0.3,0
2025-12-31 00:00:00+05:30,2026-01-08 00:00:00+05:30,IOC,long,166.4600067138672,160.59748560782737,160.59748560782737,175.25378837292692,-5.8625211060398215,-3.5218796525204246,stop_loss,0.4,6
2026-01-01 00:00:00+05:30,2026-01-08 00:00:00+05:30,IOC,long,165.8800048828125,159.98553013506339,159.98553013506339,174.72171700443616,-5.894474747749115,-3.5534570618763377,stop_loss,0.3,5
2026-01-02 00:00:00+05:30,2026-01-08 00:00:00+05:30,IOC,long,166.7899932861328,161.45483932485908,161.45483932485908,174.7927242280434,-5.335153961273733,-3.1987254487870445,stop_loss,0.3,4
2026-01-05 00:00:00+05:30,2026-01-08 00:00:00+05:30,IOC,long,165.00999450683594,159.4462705814747,159.4462705814747,173.3555803948778,-5.563723925361245,-3.371749657946176,stop_loss,0.4,3
2026-01-06 00:00:00+05:30,2026-01-08 00:00:00+05:30,IOC,long,164.0,158.20428684779577,158.20428684779577,172.69356972830636,-5.795713152204229,-3.533971434270871,stop_loss,0.4,2
2026-01-06 00:00:00+05:30,2026-01-19 00:00:00+05:30,IRFC,long,127.22000122070312,120.9000015258789,118.12000165666852,140.87000056675504,-6.319999694824219,-4.967772075288846,time,0.3,9
2026-01-07 00:00:00+05:30,2026-01-19 00:00:00+05:30,IRFC,long,128.0399932861328,120.9000015258789,119.0342788696289,141.54856491088867,-7.139991760253906,-5.5763762376166826,time,0.3,8
2026-01-08 00:00:00+05:30,2026-01-19 00:00:00+05:30,IRFC,long,124.2699966430664,120.9000015258789,115.04856763567243,138.10214015415738,-3.3699951171875,-2.7118332728912384,time,0.4,7
2026-01-12 00:00:00+05:30,2026-01-19 00:00:00+05:30,IRFC,long,122.62999725341797,120.9000015258789,113.87571171351841,135.7614255632673,-1.7299957275390625,-1.4107443254393808,time,0.4,5
2026-01-01 00:00:00+05:30,2026-01-02 00:00:00+05:30,ITC,long,363.8500061035156,351.8642883300781,351.8642883300781,381.8285827636719,-11.9857177734375,-3.2941370269010117,stop_loss,0.30000000000000004,1
2026-01-02 00:00:00+05:30,2026-01-13 00:00:00+05:30,ITC,long,350.04998779296875,335.9571271623884,335.9571271623884,371.1892787388393,-14.092860630580333,-4.025956612492534,stop_loss,0.2,7
2026-01-05 00:00:00+05:30,2026-01-13 00:00:00+05:30,ITC,long,349.70001220703125,335.15000697544644,335.15000697544644,371.52502005440846,-14.550005231584805,-4.160710530078802,stop_loss,0.2,6
2026-01-06 00:00:00+05:30,2026-01-19 00:00:00+05:30,ITC,long,342.45001220703125,333.20001220703125,326.6214338030134,366.192879813058,-9.25,-2.7011241554308456,time,0.30000000000000004,9
2026-01-07 00:00:00+05:30,2026-01-19 00:00:00+05:30,ITC,long,341.25,333.20001220703125,324.9785679408482,365.6571480887277,-8.04998779296875,-2.358970781822344,time,0.2,8
2026-01-08 00:00:00+05:30,2026-01-19 00:00:00+05:30,ITC,long,340.8999938964844,333.20001220703125,324.09998866489957,366.10000174386164,-7.699981689453125,-2.25872156858743,time,0.30000000000000004,7
2026-01-09 00:00:00+05:30,2026-01-19 00:00:00+05:30,ITC,long,337.1499938964844,333.20001220703125,320.0214189801897,362.84285627092635,-3.949981689453125,-1.1715799379981284,time,0.2,6
2026-01-12 00:00:00+05:30,2026-01-19 00:00:00+05:30,ITC,long,338.3999938964844,333.20001220703125,321.7571323939732,363.36428615025113,-5.199981689453125,-1.5366376428020223,time,0.2,5
2026-01-13 00:00:00+05:30,2026-01-19 00:00:00+05:30,ITC,long,334.70001220703125,333.20001220703125,317.77858189174106,360.0821576799665,-1.5,-0.44816251726700373,time,0.30000000000000004,4
2026-01-14 00:00:00+05:30,2026-01-19 00:00:00+05:30,ITC,long,334.75,333.20001220703125,317.4642857142857,360.67857142857144,-1.54998779296875,-0.4630284669062733,time,0.2,3
2026-01-15 00:00:00+05:30,2026-01-19 00:00:00+05:30,ITC,long,334.75,333.20001220703125,317.9357125418527,359.971431187221,-1.54998779296875,-0.4630284669062733,time,0.2,2
2026-01-16 00:00:00+05:30,2026-01-19 00:00:00+05:30,ITC,long,329.20001220703125,333.20001220703125,311.5857195172991,355.6214512416295,4.0,1.215066783619811,time,0.30000000000000004,1
2026-01-19 00:00:00+05:30,2026-01-19 00:00:00+05:30,ITC,long,333.20001220703125,333.20001220703125,314.98572213309154,360.52144731794084,0.0,0.0,time,0.2,0
2026-01-15 00:00:00+05:30,2026-01-19 00:00:00+05:30,JSWENERGY,long,494.6499938964844,486.3500061035156,469.8428693498884,531.8606807163784,-8.29998779296875,-1.6779516618584438,time,0.3,2
2026-01-16 00:00:00+05:30,2026-01-19 00:00:00+05:30,JSWSTEEL,long,1187.300048828125,1184.0999755859375,1134.4571881975446,1266.5643397739955,-3.2000732421875,-0.26952523461495675,time,0.3,1
2026-01-19 00:00:00+05:30,2026-01-19 00:00:00+05:30,JSWSTEEL,long,1184.0999755859375,1184.0999755859375,1131.5713936941963,1262.8928484235491,0.0,0.0,time,0.4,0
2025-12-31 00:00:00+05:30,2026-01-06 00:00:00+05:30,KOTAKBANK,long,440.2200012207031,430.4800022670201,430.4800022670201,454.8299996512277,-9.739998953683028,-2.2125298547713887,stop_loss,0.3,4
2026-01-01 00:00:00+05:30,2026-01-06 00:00:00+05:30,KOTAKBANK,long,443.55999755859375,433.65999930245533,433.65999930245533,458.40999494280135,-9.899998256138417,-2.2319411828454254,stop_loss,0.3,3
2026-01-02 00:00:00+05:30,2026-01-08 00:00:00+05:30,KOTAKBANK,long,439.0199890136719,428.5971374511719,428.5971374511719,454.6542663574219,-10.4228515625,-2.374117767602471,stop_loss,0.4,4
2026-01-05 00:00:00+05:30,2026-01-08 00:00:00+05:30,KOTAKBANK,long,438.17999267578125,427.6942836216518,427.6942836216518,453.90855625697543,-10.485709054129472,-2.393014110502319,stop_loss,0.3,3
2025-12-31 00:00:00+05:30,2026-01-12 00:00:00+05:30,LAURUSLABS,long,1108.0,1068.771449497768,1068.771449497768,1166.8428257533483,-39.22855050223211,-3.540482897313367,stop_loss,0.09999999999999998,8
2026-01-01 00:00:00+05:30,2026-01-12 00:00:00+05:30,LAURUSLABS,long,1110.4000244140625,1072.1143275669642,1072.1143275669642,1167.82856968471,-38.28569684709828,-3.4479193088365547,stop_loss,0.09999999999999998,7
2026-01-02 00:00:00+05:30,2026-01-12 00:00:00+05:30,LAURUSLABS,long,1106.5,1068.9857177734375,1068.9857177734375,1162.7714233398438,-37.5142822265625,-3.3903553751976956,stop_loss,0.09999999999999998,6
2026-01-05 00:00:00+05:30,2026-01-12 00:00:00+05:30,LAURUSLABS,long,1103.199951171875,1065.4285191127233,1065.4285191127233,1159.8570992606026,-37.77143205915172,-3.423806538336861,stop_loss,0.19999999999999998,5
2026-01-06 00:00:00+05:30,2026-01-12 00:00:00+05:30,LAURUSLABS,long,1115.9000244140625,1076.2285853794642,1076.2285853794642,1175.40718296596,-39.67143903459828,-3.555106924155592,stop_loss,0.19999999999999998,4
2026-01-07 00:00:00+05:30,2026-01-09 00:00:00+05:30,LAURUSLABS,long,1128.5,1088.1857038225446,1088.1857038225446,1188.971444266183,-40.31429617745539,-3.5723789257824894,stop_loss,0.19999999999999998,2
2026-01-08 00:00:00+05:30,2026-01-12 00:00:00+05:30,LAURUSLABS,long,1100.9000244140625,1059.7714320591517,1059.7714320591517,1162.5929129464287,-41.12859235491078,-3.735906207904833,stop_loss,0.4,2
2026-01-09 00:00:00+05:30,2026-01-19 00:00:00+05:30,LAURUSLABS,long,1083.0,1062.699951171875,1041.3856898716517,1145.4214651925224,-20.300048828125,-1.8744274079524468,time,0.4,5
2026-01-14 00:00:00+05:30,2026-01-19 00:00:00+05:30,LAURUSLABS,long,1090.5,1062.699951171875,1034.5999843052455,1174.3500235421318,-27.800048828125,-2.5492937944176983,time,0.4,2
2026-01-19 00:00:00+05:30,2026-01-19 00:00:00+05:30,LICI,long,809.75,809.75,785.664289202009,845.8785661969866,0.0,0.0,time,0.30000000000000004,0
2026-01-02 00:00:00+05:30,2026-01-19 00:00:00+05:30,LINDEINDIA,long,5955.5,6119.0,5723.785714285715,6303.071428571428,163.5,2.74536143061036,time,0.4,10
2026-01-06 00:00:00+05:30,2026-01-19 00:00:00+05:30,LINDEINDIA,long,5951.0,6119.0,5736.285714285715,6273.071428571428,168.0,2.8230549487481094,time,0.4,8
2026-01-07 00:00:00+05:30,2026-01-19 00:00:00+05:30,LINDEINDIA,long,5968.0,6119.0,5762.571428571428,6276.142857142857,151.0,2.530160857908847,time,0.4,7
2026-01-12 00:00:00+05:30,2026-01-19 00:00:00+05:30,LINDEINDIA,long,6105.0,6119.0,5838.857142857143,6504.214285714286,14.0,0.2293202293202293,time,0.4,4
2026-01-13 00:00:00+05:30,2026-01-19 00:00:00+05:30,LINDEINDIA,long,6083.0,6119.0,5804.0,6501.5,36.0,0.5918132500410981,time,0.3,3
2026-01-14 00:00:00+05:30,2026-01-19 00:00:00+05:30,LINDEINDIA,long,6080.0,6119.0,5806.785714285715,6489.821428571428,39.0,0.6414473684210527,time,0.3,2
2026-01-16 00:00:00+05:30,2026-01-19 00:00:00+05:30,LINDEINDIA,long,6101.0,6119.0,5841.142857142857,6490.785714285714,18.0,0.2950336010490084,time,0.4,1
2026-01-19 00:00:00+05:30,2026-01-19 00:00:00+05:30,LINDEINDIA,long,6119.0,6119.0,5854.5,6515.75,0.0,0.0,time,0.4,0
2025-12-31 00:00:00+05:30,2026-01-13 00:00:00+05:30,LT,long,4083.5,3996.3285784040177,3996.3285784040177,4214.257132393973,-87.17142159598234,-2.1347231932406596,stop_loss,0.3,9
2026-01-01 00:00:00+05:30,2026-01-08 00:00:00+05:30,LT,long,4140.39990234375,4059.914236886161,4059.914236886161,4261.128400530134,-80.48566545758922,-1.9439104278798969,stop_loss,0.4,5
2026-01-02 00:00:00+05:30,2026-01-08 00:00:00+05:30,LT,long,4163.39990234375,4080.999930245536,4080.999930245536,4286.999860491072,-82.39997209821422,-1.9791510311519167,stop_loss,0.3,4
2026-01-05 00:00:00+05:30,2026-01-08 00:00:00+05:30,LT,long,4150.39990234375,4066.6284528459823,4066.6284528459823,4276.057076590402,-83.77144949776766,-2.018394647958177,stop_loss,0.4,3
2026-01-06 00:00:00+05:30,2026-01-08 00:00:00+05:30,LT,long,4140.60009765625,4054.528634207589,4054.528634207589,4269.707292829241,-86.07146344866078,-2.078719543512081,stop_loss,0.4,2
2026-01-07 00:00:00+05:30,2026-01-08 00:00:00+05:30,LT,long,4157.0,4065.55712890625,4065.55712890625,4294.164306640625,-91.44287109375,-2.1997322851515517,stop_loss,0.4,1
2026-01-14 00:00:00+05:30,2026-01-19 00:00:00+05:30,LT,long,3865.800048828125,3869.800048828125,3713.8429129464284,4093.7357526506694,4.0,0.10347146643584311,time,0.2,3
2026-01-15 00:00:00+05:30,2026-01-19 00:00:00+05:30,LT,long,3865.800048828125,3869.800048828125,3718.3143484933034,4087.028599330357,4.0,0.10347146643584311,time,0.2,2
2026-01-16 00:00:00+05:30,2026-01-19 00:00:00+05:30,LT,long,3856.39990234375,3869.800048828125,3703.542794363839,4085.685564313616,13.400146484375,0.34747813566303076,time,0.30000000000000004,1
2026-01-16 00:00:00+05:30,2026-01-19 00:00:00+05:30,LTTS,long,3917.10009765625,3870.0,3679.10009765625,4274.10009765625,-47.10009765625,-1.2024226208677122,time,0.30000000000000004,1
2026-01-19 00:00:00+05:30,2026-01-19 00:00:00+05:30,LTTS,long,3870.0,3870.0,3639.4142717633927,4215.87859235491,0.0,0.0,time,0.2,0
2025-12-31 00:00:00+05:30,2026-01-07 00:00:00+05:30,LUPIN,long,2109.5,2194.2069963727677,2053.0286690848216,2194.2069963727677,84.70699637276766,4.01550113167896,target,0.3,5
2026-01-01 00:00:00+05:30,2026-01-07 00:00:00+05:30,LUPIN,long,2102.800048828125,2186.3927699497767,2047.071568080357,2186.3927699497767,83.59272112165172,3.9753052682416157,target,0.3,4
2026-01-02 00:00:00+05:30,2026-01-07 00:00:00+05:30,LUPIN,long,2105.300048828125,2186.9856480189733,2050.8429827008927,2186.9856480189733,81.68559919084828,3.8799979716106026,target,0.3,3
2026-01-06 00:00:00+05:30,2026-01-19 00:00:00+05:30,LUPIN,long,2149.699951171875,2177.10009765625,2086.4000069754466,2244.6498674665177,27.400146484375,1.2746032984481506,time,0.4,8
2026-01-07 00:00:00+05:30,2026-01-19 00:00:00+05:30,LUPIN,long,2214.300048828125,2177.10009765625,2143.728690011161,2320.1570870535716,-37.199951171875,-1.6799869191875034,time,0.09999999999999998,7
2026-01-08 00:00:00+05:30,2026-01-19 00:00:00+05:30,LUPIN,long,2190.89990234375,2177.10009765625,2120.3999372209823,2296.6498500279017,-13.7998046875,-0.6298692456345194,time,0.3,6
2026-01-09 00:00:00+05:30,2026-01-19 00:00:00+05:30,LUPIN,long,2182.199951171875,2177.10009765625,2109.2856794084823,2291.571358816964,-5.099853515625,-0.23370239344411586,time,0.4,5
2026-01-12 00:00:00+05:30,2026-01-19 00:00:00+05:30,LUPIN,long,2188.39990234375,2177.10009765625,2111.2427804129466,2304.135585239955,-11.2998046875,-0.5163500818748001,time,0.3,4
2026-01-13 00:00:00+05:30,2026-01-19 00:00:00+05:30,LUPIN,long,2179.0,2177.10009765625,2097.7143205915177,2300.9285191127233,-1.89990234375,-0.08719147974988527,time,0.4,3
2026-01-14 00:00:00+05:30,2026-01-19 00:00:00+05:30,LUPIN,long,2195.89990234375,2177.10009765625,2105.999930245536,2330.7498604910716,-18.7998046875,-0.856132133683981,time,0.3,2
2026-01-16 00:00:00+05:30,2026-01-19 00:00:00+05:30,LUPIN,long,2177.89990234375,2177.10009765625,2084.699951171875,2317.6998291015625,-0.7998046875,-0.0367236660711215,time,0.4,1
2026-01-19 00:00:00+05:30,2026-01-19 00:00:00+05:30,LUPIN,long,2177.10009765625,2177.10009765625,2082.800118582589,2318.550066266741,0.0,0.0,time,0.3,0
2025-12-31 00:00:00+05:30,2026-01-09 00:00:00+05:30,MANAPPURAM,long,308.54998779296875,294.79285103934154,294.79285103934154,329.1856929234096,-13.757136753627208,-4.458641159583513,stop_loss,0.3,7
2026-01-01 00:00:00+05:30,2026-01-09 00:00:00+05:30,MANAPPURAM,long,314.1000061035156,299.7857230050223,299.7857230050223,335.5714307512556,-14.31428309849332,-4.557237446781795,stop_loss,0.19999999999999998,6
2026-01-02 00:00:00+05:30,2026-01-09 00:00:00+05:30,MANAPPURAM,long,311.1499938964844,296.15713936941967,296.15713936941967,333.63927568708147,-14.992854527064708,-4.8185295906040215,stop_loss,0.3,5
2026-01-05 00:00:00+05:30,2026-01-09 00:00:00+05:30,MANAPPURAM,long,307.1000061035156,291.7428632463728,291.7428632463728,330.1357203892299,-15.357142857142833,-5.000697672394812,stop_loss,0.4,4
2026-01-06 00:00:00+05:30,2026-01-09 00:00:00+05:30,MANAPPURAM,long,308.25,292.69285801478793,292.69285801478793,331.5857129778181,-15.55714198521207,-5.046923596175854,stop_loss,0.3,3
2026-01-07 00:00:00+05:30,2026-01-09 00:00:00+05:30,MANAPPURAM,long,319.8999938964844,302.8999938964844,302.8999938964844,345.3999938964844,-17.0,-5.314160776602261,stop_loss,0.4,2
2026-01-08 00:00:00+05:30,2026-01-09 00:00:00+05:30,MANAPPURAM,long,309.5,291.8499973842076,291.8499973842076,335.97500392368863,-17.650002615792403,-5.702747210272182,stop_loss,0.3,1
2026-01-13 00:00:00+05:30,2026-01-19 00:00:00+05:30,MANAPPURAM,long,308.04998779296875,314.45001220703125,285.6714128766741,341.6178501674107,6.4000244140625,2.0775928153465033,time,0.3,4
2026-01-14 00:00:00+05:30,2026-01-19 00:00:00+05:30,MANAPPURAM,long,309.0,314.45001220703125,285.6785670689174,343.98214939662387,5.45001220703125,1.7637579958029934,time,0.3,3
2026-01-15 00:00:00+05:30,2026-01-19 00:00:00+05:30,MANAPPURAM,long,309.0,314.45001220703125,286.95713588169644,342.0642961774554,5.45001220703125,1.7637579958029934,time,0.3,2
2026-01-16 00:00:00+05:30,2026-01-19 00:00:00+05:30,MANAPPURAM,long,314.0,314.45001220703125,291.64998953683033,347.5250156947545,0.45001220703125,0.1433159895003981,time,0.4,1
2026-01-19 00:00:00+05:30,2026-01-19 00:00:00+05:30,MANAPPURAM,long,314.45001220703125,314.45001220703125,291.98571341378346,348.1464603969029,0.0,0.0,time,0.3,0
2025-12-31 00:00:00+05:30,2026-01-06 00:00:00+05:30,MARUTI,long,16697.0,17264.64285714286,16318.57142857143,17264.64285714286,567.6428571428587,3.399669743923212,target,0.3,4
2026-01-01 00:00:00+05:30,2026-01-06 00:00:00+05:30,MARUTI,long,16708.0,17255.714285714286,16342.857142857143,17255.714285714286,547.7142857142862,3.2781558876842607,target,0.3,3
2026-01-02 00:00:00+05:30,2026-01-09 00:00:00+05:30,MARUTI,long,16960.0,16576.428571428572,16576.428571428572,17535.35714285714,-383.57142857142753,-2.2616239892183225,stop_loss,0.4,5
2026-01-05 00:00:00+05:30,2026-01-08 00:00:00+05:30,MARUTI,long,17155.0,16731.571428571428,16731.571428571428,17790.14285714286,-423.42857142857247,-2.468251655077659,stop_loss,0.09999999999999998,3
2026-01-06 00:00:00+05:30,2026-01-07 00:00:00+05:30,MARUTI,long,17292.0,16864.571428571428,16864.571428571428,17933.14285714286,-427.42857142857247,-2.4718284260269052,stop_loss,0.09999999999999998,1
2026-01-07 00:00:00+05:30,2026-01-14 00:00:00+05:30,MARUTI,long,16809.0,16309.714285714286,16309.714285714286,17557.928571428572,-499.28571428571377,-2.97034751791132,stop_loss,0.4,5
2026-01-08 00:00:00+05:30,2026-01-16 00:00:00+05:30,MARUTI,long,16664.0,16147.285714285714,16147.285714285714,17439.071428571428,-516.7142857142862,-3.1007818393800184,stop_loss,0.3,5
2025-12-31 00:00:00+05:30,2026-01-09 00:00:00+05:30,MOTHERSON,long,119.94000244140625,115.7614277430943,115.7614277430943,126.20786448887416,-4.178574698311948,-3.4838874547741385,stop_loss,0.3,7
2026-01-01 00:00:00+05:30,2026-01-08 00:00:00+05:30,MOTHERSON,long,122.5199966430664,118.16570717947823,118.16570717947823,129.05143083844865,-4.354289463588174,-3.553941873075124,stop_loss,0.4,5
2026-01-02 00:00:00+05:30,2026-01-09 00:00:00+05:30,MOTHERSON,long,122.04000091552734,117.53571210588727,117.53571210588727,128.79643412998743,-4.504288809640073,-3.6908298720497514,stop_loss,0.4,5
2026-01-05 00:00:00+05:30,2026-01-09 00:00:00+05:30,MOTHERSON,long,121.80999755859375,117.14856610979352,117.14856610979352,128.80214473179407,-4.661431448800229,-3.8268053051704234,stop_loss,0.3,4
2026-01-06 00:00:00+05:30,2026-01-09 00:00:00+05:30,MOTHERSON,long,120.83000183105469,116.0471431187221,116.0471431187221,128.00428989955358,-4.782858712332583,-3.95833703538299,stop_loss,0.4,3
2026-01-07 00:00:00+05:30,2026-01-19 00:00:00+05:30,MPHASIS,long,2874.800048828125,2889.800048828125,2755.6000627790177,3053.600027901786,15.0,0.5217754189935594,time,0.3,8
2026-01-13 00:00:00+05:30,2026-01-19 00:00:00+05:30,MPHASIS,long,2873.699951171875,2889.800048828125,2752.899972098214,3054.899919782366,16.10009765625,0.5602567397366761,time,0.4,4
2026-01-16 00:00:00+05:30,2026-01-19 00:00:00+05:30,MPHASIS,long,2886.5,2889.800048828125,2760.4571707589284,3075.5642438616073,3.300048828125,0.11432699906894163,time,0.4,1
2026-01-19 00:00:00+05:30,2026-01-19 00:00:00+05:30,MPHASIS,long,2889.800048828125,2889.800048828125,2758.2715192522323,3087.092843191964,0.0,0.0,time,0.3,0
2026-01-07 00:00:00+05:30,2026-01-13 00:00:00+05:30,MSUMI,long,50.2400016784668,46.12714440482004,46.12714440482004,56.40928758893694,-4.11285727364676,-8.186419459077285,stop_loss,0.3,4
2026-01-08 00:00:00+05:30,2026-01-19 00:00:00+05:30,MSUMI,long,48.65999984741211,44.895713806152344,44.895713806152344,54.30642890930176,-3.7642860412597656,-7.7358940671265986,stop_loss,0.4,7
2026-01-09 00:00:00+05:30,2026-01-19 00:00:00+05:30,MSUMI,long,47.84000015258789,44.84000015258789,44.03571374075754,53.546429770333425,-3.0,-6.270902990032109,time,0.3,6
2026-01-07 00:00:00+05:30,2026-01-19 00:00:00+05:30,NESTLEIND,long,1314.800048828125,1315.5999755859375,1274.657191685268,1375.0143345424108,0.7999267578125,0.06084018315374044,time,0.3,7
2026-01-08 00:00:00+05:30,2026-01-19 00:00:00+05:30,NESTLEIND,long,1306.9000244140625,1315.5999755859375,1266.8143136160713,1367.0285906110491,8.699951171875,0.6656937033707341,time,0.3,6
2026-01-09 00:00:00+05:30,2026-01-19 00:00:00+05:30,NESTLEIND,long,1299.0999755859375,1315.5999755859375,1258.8999720982142,1359.3999808175224,16.5,1.2701101000758581,time,0.4,5
2026-01-12 00:00:00+05:30,2026-01-19 00:00:00+05:30,NESTLEIND,long,1312.4000244140625,1315.5999755859375,1269.914306640625,1376.1286010742188,3.199951171875,0.2438243761313292,time,0.3,4
2026-01-13 00:00:00+05:30,2026-01-19 00:00:00+05:30,NESTLEIND,long,1318.699951171875,1315.5999755859375,1276.6856515066963,1381.721400669643,-3.0999755859375,-0.23507816036412815,time,0.4,3
2026-01-14 00:00:00+05:30,2026-01-19 00:00:00+05:30,NESTLEIND,long,1307.0999755859375,1315.5999755859375,1261.3713902064733,1375.6928536551338,8.5,0.6502945573225705,time,0.3,2
2026-01-16 00:00:00+05:30,2026-01-19 00:00:00+05:30,NESTLEIND,long,1315.9000244140625,1315.5999755859375,1271.6000104631696,1382.3500453404017,-0.300048828125,-0.02280179516362607,time,0.4,1
2026-01-19 00:00:00+05:30,2026-01-19 00:00:00+05:30,NESTLEIND,long,1315.5999755859375,1315.5999755859375,1271.4285191127233,1381.8571602957588,0.0,0.0,time,0.3,0
2026-01-12 00:00:00+05:30,2026-01-19 00:00:00+05:30,NHPC,long,82.80000305175781,79.41999816894531,79.2357177734375,88.14643096923828,-3.3800048828125,-4.082131350526253,time,0.3,5
2026-01-13 00:00:00+05:30,2026-01-19 00:00:00+05:30,NHPC,long,81.41999816894531,79.41999816894531,77.63857051304409,87.09213965279716,-2.0,-2.4563989744264414,time,0.3,4
2026-01-14 00:00:00+05:30,2026-01-19 00:00:00+05:30,NHPC,long,81.29000091552734,79.41999816894531,77.26428767613002,87.32857077462333,-1.8700027465820312,-2.3004093068288287,time,0.3,3
2026-01-15 00:00:00+05:30,2026-01-19 00:00:00+05:30,NHPC,long,81.29000091552734,79.41999816894531,77.53428758893695,86.92357090541294,-1.8700027465820312,-2.3004093068288287,time,0.3,2
2026-01-06 00:00:00+05:30,2026-01-09 00:00:00+05:30,NTPC,long,350.79998779296875,340.17142159598217,340.17142159598217,366.74283708844865,-10.628566196986583,-3.029808029314765,stop_loss,0.09999999999999998,3
2026-01-07 00:00:00+05:30,2026-01-09 00:00:00+05:30,NTPC,long,348.8500061035156,338.23572213309154,338.23572213309154,364.7714320591518,-10.614283970424083,-3.0426497877928846,stop_loss,0.09999999999999998,2
2026-01-08 00:00:00+05:30,2026-01-19 00:00:00+05:30,NTPC,long,344.3999938964844,343.3500061035156,333.14285714285717,361.2856990269252,-1.04998779296875,-0.3048745097493651,time,0.4,7
2026-01-09 00:00:00+05:30,2026-01-19 00:00:00+05:30,NTPC,long,336.0,343.3500061035156,323.9071480887277,354.13927786690846,7.350006103515625,2.187501816522507,time,0.4,6
2026-01-12 00:00:00+05:30,2026-01-19 00:00:00+05:30,NTPC,long,337.45001220703125,343.3500061035156,325.00716291155135,356.11428615025113,5.899993896484375,1.7484052994683636,time,0.3,5
2026-01-13 00:00:00+05:30,2026-01-19 00:00:00+05:30,NTPC,long,337.8999938964844,343.3500061035156,325.48571341378346,356.5214146205357,5.45001220703125,1.6129068675570502,time,0.3,4
2026-01-14 00:00:00+05:30,2026-01-19 00:00:00+05:30,NTPC,long,349.1000061035156,343.3500061035156,334.8214416503906,370.5178527832031,-5.75,-1.647092494835134,time,0.4,3
2026-01-15 00:00:00+05:30,2026-01-19 00:00:00+05:30,NTPC,long,349.1000061035156,343.3500061035156,335.3143005371094,369.778564453125,-5.75,-1.647092494835134,time,0.3,2
2026-01-16 00:00:00+05:30,2026-01-19 00:00:00+05:30,NTPC,long,346.3500061035156,343.3500061035156,331.721444266183,368.2928488595145,-3.0,-0.8661758184301498,time,0.4,1
2026-01-19 00:00:00+05:30,2026-01-19 00:00:00+05:30,NTPC,long,343.3500061035156,343.3500061035156,328.19286673409596,366.0857151576451,0.0,0.0,time,0.3,0
2026-01-14 00:00:00+05:30,2026-01-19 00:00:00+05:30,PFC,long,371.8500061035156,372.1499938964844,353.4000156947545,399.5249917166574,0.29998779296875,0.0806744085100914,time,0.3,3
2026-01-15 00:00:00+05:30,2026-01-19 00:00:00+05:30,PFC,long,371.8500061035156,372.1499938964844,354.4642987932478,397.9285670689174,0.29998779296875,0.0806744085100914,time,0.3,2
2026-01-16 00:00:00+05:30,2026-01-19 00:00:00+05:30,PFC,long,375.3500061035156,372.1499938964844,357.5428684779576,402.0607125418527,-3.20001220703125,-0.8525408698538123,time,0.4,1
2026-01-19 00:00:00+05:30,2026-01-19 00:00:00+05:30,PFC,long,372.1499938964844,372.1499938964844,354.07142857142856,399.26784188406805,0.0,0.0,time,0.3,0
2026-01-07 00:00:00+05:30,2026-01-16 00:00:00+05:30,PIDILITIND,long,1514.800048828125,1476.9285714285713,1476.9285714285713,1571.6072649274554,-37.87147739955367,-2.5000974504094904,stop_loss,0.4,6
2026-01-08 00:00:00+05:30,2026-01-19 00:00:00+05:30,PIDILITIND,long,1500.800048828125,1474.800048828125,1461.7000034877233,1559.4501168387276,-26.0,-1.7324093252996406,time,0.3,6
2026-01-09 00:00:00+05:30,2026-01-19 00:00:00+05:30,PIDILITIND,long,1484.300048828125,1474.800048828125,1442.1285749162946,1547.5572596958705,-9.5,-0.6400323174212909,time,0.4,5
2026-01-12 00:00:00+05:30,2026-01-19 00:00:00+05:30,PIDILITIND,long,1500.800048828125,1474.800048828125,1456.8142961774554,1566.7786778041295,-26.0,-1.7324093252996406,time,0.3,4
2026-01-13 00:00:00+05:30,2026-01-19 00:00:00+05:30,PIDILITIND,long,1498.9000244140625,1474.800048828125,1453.9857003348213,1566.2715105329241,-24.0999755859375,-1.6078440985654439,time,0.3,3
2026-01-14 00:00:00+05:30,2026-01-19 00:00:00+05:30,PIDILITIND,long,1495.300048828125,1474.800048828125,1447.471435546875,1567.04296875,-20.5,-1.370962303924618,time,0.3,2
2026-01-12 00:00:00+05:30,2026-01-16 00:00:00+05:30,PNB,long,123.16000366210938,130.26143537248885,118.42571585518974,130.26143537248885,7.101431710379472,5.766021028922927,target,0.4,4
2026-01-13 00:00:00+05:30,2026-01-16 00:00:00+05:30,PNB,long,124.5199966430664,131.88714218139648,119.60856628417969,131.88714218139648,7.367145538330078,5.9164357026508965,target,0.3,3
2026-01-14 00:00:00+05:30,2026-01-19 00:00:00+05:30,PNB,long,128.67999267578125,128.0500030517578,123.12856183733258,137.00713893345423,-0.6299896240234375,-0.4895785358107246,time,0.4,3
2026-01-15 00:00:00+05:30,2026-01-19 00:00:00+05:30,PNB,long,128.67999267578125,128.0500030517578,123.34713418143136,136.67928041730607,-0.6299896240234375,-0.4895785358107246,time,0.3,2
2026-01-16 00:00:00+05:30,2026-01-19 00:00:00+05:30,PNB,long,132.36000061035156,128.0500030517578,127.06142861502511,140.30785860334123,-4.30999755859375,-3.2562689171343773,time,0.19999999999999998,1
2026-01-19 00:00:00+05:30,2026-01-19 00:00:00+05:30,PNB,long,128.0500030517578,128.0500030517578,121.80571746826172,137.41643142700195,0.0,0.0,time,0.4,0
2026-01-12 00:00:00+05:30,2026-01-19 00:00:00+05:30,RECLTD,long,370.5,370.1000061035156,352.01426478794644,398.2286028180804,-0.399993896484375,-0.1079605658527328,time,0.3,5
2026-01-13 00:00:00+05:30,2026-01-19 00:00:00+05:30,RECLTD,long,366.8999938964844,370.1000061035156,347.6856907435826,395.72144862583707,3.20001220703125,0.8721755956022413,time,0.3,4
2026-01-14 00:00:00+05:30,2026-01-19 00:00:00+05:30,RECLTD,long,369.8999938964844,370.1000061035156,349.44283185686385,400.5857369559152,0.20001220703125,0.05407196818911625,time,0.3,3
2026-01-15 00:00:00+05:30,2026-01-19 00:00:00+05:30,RECLTD,long,369.8999938964844,370.1000061035156,350.42854963030135,399.10716029575894,0.20001220703125,0.05407196818911625,time,0.3,2
2026-01-16 00:00:00+05:30,2026-01-19 00:00:00+05:30,RECLTD,long,371.0,370.1000061035156,351.3214111328125,400.51788330078125,-0.899993896484375,-0.24258595592570753,time,0.4,1
2026-01-19 00:00:00+05:30,2026-01-19 00:00:00+05:30,RECLTD,long,370.1000061035156,370.1000061035156,350.4571315220424,399.56431797572543,0.0,0.0,time,0.4,0
2025-12-31 00:00:00+05:30,2026-01-06 00:00:00+05:30,RELIANCE,long,1570.4000244140625,1538.4429234095983,1538.4429234095983,1618.3356759207588,-31.95710100446422,-2.0349656461822745,stop_loss,0.3,4
2026-01-01 00:00:00+05:30,2026-01-06 00:00:00+05:30,RELIANCE,long,1575.5999755859375,1542.6000279017858,1542.6000279017858,1625.099897112165,-32.99994768415172,-2.094436925329326,stop_loss,0.4,3
2026-01-02 00:00:00+05:30,2026-01-06 00:00:00+05:30,RELIANCE,long,1592.300048828125,1558.3143833705358,1558.3143833705358,1643.2785470145088,-33.98566545758922,-2.1343757090632156,stop_loss,0.4,2
2026-01-05 00:00:00+05:30,2026-01-06 00:00:00+05:30,RELIANCE,long,1578.0999755859375,1541.3857247488838,1541.3857247488838,1633.171351841518,-36.71425083705367,-2.326484468984414,stop_loss,0.4,1
2026-01-19 00:00:00+05:30,2026-01-19 00:00:00+05:30,RELIANCE,long,1413.5999755859375,1413.5999755859375,1349.228550502232,1510.1571132114955,0.0,0.0,time,0.30000000000000004,0
2025-12-31 00:00:00+05:30,2026-01-19 00:00:00+05:30,SBILIFE,long,2034.9000244140625,2073.699951171875,1979.8857421875,2117.4214477539062,38.7999267578125,1.9067239811442191,time,0.3,13
2026-01-01 00:00:00+05:30,2026-01-19 00:00:00+05:30,SBILIFE,long,2040.4000244140625,2073.699951171875,1986.7143031529017,2120.9286063058034,33.2999267578125,1.6320293255914449,time,0.3,12
2026-01-02 00:00:00+05:30,2026-01-19 00:00:00+05:30,SBILIFE,long,2067.39990234375,2073.699951171875,2012.95703125,2149.064208984375,6.300048828125,0.3047329556793933,time,0.4,11
2026-01-05 00:00:00+05:30,2026-01-19 00:00:00+05:30,SBILIFE,long,2075.60009765625,2073.699951171875,2021.0857979910713,2157.3715471540177,-1.900146484375,-0.09154684886171616,time,0.4,10
2026-01-06 00:00:00+05:30,2026-01-19 00:00:00+05:30,SBILIFE,long,2095.800048828125,2073.699951171875,2042.8857421875,2175.1715087890625,-22.10009765625,-1.054494567294593,time,0.09999999999999998,9
2026-01-07 00:00:00+05:30,2026-01-19 00:00:00+05:30,SBILIFE,long,2070.800048828125,2073.699951171875,2014.2000209263392,2155.7000906808034,2.89990234375,0.14003777648117535,time,0.4,8
2026-01-08 00:00:00+05:30,2026-01-19 00:00:00+05:30,SBILIFE,long,2082.89990234375,2073.699951171875,2025.6284354073662,2168.807102748326,-9.199951171875,-0.4416895483802607,time,0.3,7
2026-01-09 00:00:00+05:30,2026-01-19 00:00:00+05:30,SBILIFE,long,2070.0,2073.699951171875,2011.1714041573662,2158.242893763951,3.699951171875,0.17874160250603865,time,0.3,6
2026-01-12 00:00:00+05:30,2026-01-19 00:00:00+05:30,SBILIFE,long,2098.0,2073.699951171875,2036.0571114676338,2190.914332798549,-24.300048828125,-1.1582482758877501,time,0.4,5
2026-01-13 00:00:00+05:30,2026-01-19 00:00:00+05:30,SBILIFE,long,2082.39990234375,2073.699951171875,2018.0284249441963,2178.95711844308,-8.699951171875,-0.41778484344352723,time,0.3,4
2026-01-14 00:00:00+05:30,2026-01-19 00:00:00+05:30,SBILIFE,long,2068.800048828125,2073.699951171875,2001.7000209263392,2169.4500906808034,4.89990234375,0.2368475554960257,time,0.4,3
2026-01-15 00:00:00+05:30,2026-01-19 00:00:00+05:30,SBILIFE,long,2068.800048828125,2073.699951171875,2006.1000279017858,2162.850080217634,4.89990234375,0.2368475554960257,time,0.3,2
2026-01-16 00:00:00+05:30,2026-01-19 00:00:00+05:30,SBILIFE,long,2081.0,2073.699951171875,2016.1285400390625,2178.3071899414062,-7.300048828125,-0.350795234412542,time,0.4,1
2026-01-19 00:00:00+05:30,2026-01-19 00:00:00+05:30,SBILIFE,long,2073.699951171875,2073.699951171875,2011.9999128069196,2166.250008719308,0.0,0.0,time,0.3,0
2025-12-31 00:00:00+05:30,2026-01-06 00:00:00+05:30,SBIN,long,982.2000122070312,1010.3785836356027,963.4142979213169,1010.3785836356027,28.178571428571445,2.868923954221238,target,0.3,4
2026-01-01 00:00:00+05:30,2026-01-06 00:00:00+05:30,SBIN,long,984.75,1012.5642961774554,966.2071358816964,1012.5642961774554,27.81429617745539,2.824503292963228,target,0.3,3
2026-01-02 00:00:00+05:30,2026-01-16 00:00:00+05:30,SBIN,long,998.9500122070312,1029.7535967145648,978.414289202009,1029.7535967145648,30.803584507533515,3.0835961891103625,target,0.4,10
2026-01-05 00:00:00+05:30,2026-01-16 00:00:00+05:30,SBIN,long,1005.5499877929688,1037.5535670689173,984.2142682756696,1037.5535670689173,32.003579275948596,3.182694014664716,target,0.19999999999999998,9
2026-01-06 00:00:00+05:30,2026-01-19 00:00:00+05:30,SBIN,long,1018.9000244140625,1038.4000244140625,997.3214460100446,1051.2678920200892,19.5,1.9138285928704182,time,0.09999999999999998,9
2026-01-07 00:00:00+05:30,2026-01-16 00:00:00+05:30,SBIN,long,1007.1500244140625,1041.8214634486608,984.0357317243304,1041.8214634486608,34.67143903459828,3.4425297318310997,target,0.3,7
2026-01-08 00:00:00+05:30,2026-01-16 00:00:00+05:30,SBIN,long,998.0,1034.9857221330915,973.3428519112723,1034.9857221330915,36.985722133091485,3.7059841816724934,target,0.3,6
2026-01-09 00:00:00+05:30,2026-01-16 00:00:00+05:30,SBIN,long,1000.5,1038.2464338030134,975.335710797991,1038.2464338030134,37.74643380301336,3.7727570018004357,target,0.4,5
2026-01-12 00:00:00+05:30,2026-01-19 00:00:00+05:30,SBIN,long,1015.1500244140625,1038.4000244140625,987.9285888671875,1055.982177734375,23.25,2.290301870742675,time,0.3,5
2026-01-13 00:00:00+05:30,2026-01-19 00:00:00+05:30,SBIN,long,1028.449951171875,1038.4000244140625,1000.5785173688616,1070.2571018763952,9.9500732421875,0.9674824944908418,time,0.19999999999999998,4
2026-01-14 00:00:00+05:30,2026-01-19 00:00:00+05:30,SBIN,long,1028.3499755859375,1038.4000244140625,999.0642525809152,1072.278560093471,10.050048828125,0.9772984943572972,time,0.09999999999999998,3
2026-01-15 00:00:00+05:30,2026-01-19 00:00:00+05:30,SBIN,long,1028.3499755859375,1038.4000244140625,999.9571097237723,1070.9392743791852,10.050048828125,0.9772984943572972,time,0.09999999999999998,2
2026-01-16 00:00:00+05:30,2026-01-19 00:00:00+05:30,SBIN,long,1042.300048828125,1038.4000244140625,1012.242902483259,1087.3857683454241,-3.9000244140625,-0.3741748279151825,time,0.19999999999999998,1
2026-01-19 00:00:00+05:30,2026-01-19 00:00:00+05:30,SBIN,long,1038.4000244140625,1038.4000244140625,1009.3571690150669,1081.9643075125557,0.0,0.0,time,0.09999999999999998,0
2026-01-14 00:00:00+05:30,2026-01-19 00:00:00+05:30,SHREECEM,long,27550.0,27510.0,26601.428571428572,28972.85714285714,-40.0,-0.1451905626134301,time,0.4,2
2026-01-16 00:00:00+05:30,2026-01-19 00:00:00+05:30,SHREECEM,long,27840.0,27510.0,26875.714285714286,29286.428571428572,-330.0,-1.1853448275862069,time,0.3,1
2026-01-19 00:00:00+05:30,2026-01-19 00:00:00+05:30,SHREECEM,long,27510.0,27510.0,26509.285714285714,29011.071428571428,0.0,0.0,time,0.3,0
2025-12-31 00:00:00+05:30,2026-01-19 00:00:00+05:30,SHRIRAMFIN,long,996.2000122070312,1010.3499755859375,946.5142996651786,1070.7285810198102,14.14996337890625,1.4203938170566486,time,0.09999999999999998,12
2026-01-01 00:00:00+05:30,2026-01-19 00:00:00+05:30,SHRIRAMFIN,long,1019.7000122070312,1010.3499755859375,967.6785888671875,1097.7321472167969,-9.35003662109375,-0.9169399342122787,time,0.09999999999999998,11
2026-01-02 00:00:00+05:30,2026-01-19 00:00:00+05:30,SHRIRAMFIN,long,1010.3499755859375,1010.3499755859375,959.3214111328125,1086.892822265625,0.0,0.0,time,0.19999999999999998,10
2026-01-05 00:00:00+05:30,2026-01-19 00:00:00+05:30,SHRIRAMFIN,long,1003.3499755859375,1010.3499755859375,951.3928484235491,1081.2856663295202,7.0,0.6976628464970193,time,0.09999999999999998,9
2026-01-06 00:00:00+05:30,2026-01-19 00:00:00+05:30,SHRIRAMFIN,long,1002.6500244140625,1010.3499755859375,951.8000401088169,1078.9250008719307,7.699951171875,0.7679600044267456,time,0.09999999999999998,8
2026-01-07 00:00:00+05:30,2026-01-19 00:00:00+05:30,SHRIRAMFIN,long,995.8499755859375,1010.3499755859375,945.3214285714286,1071.6427961077009,14.5,1.456042612389331,time,0.09999999999999998,7
2026-01-08 00:00:00+05:30,2026-01-19 00:00:00+05:30,SHRIRAMFIN,long,992.9000244140625,1010.3499755859375,948.3071899414062,1059.7892761230469,17.449951171875,1.7574731335284934,time,0.09999999999999998,6
2026-01-09 00:00:00+05:30,2026-01-19 00:00:00+05:30,SHRIRAMFIN,long,975.4000244140625,1010.3499755859375,933.07861328125,1038.8821411132812,34.949951171875,3.5831402806115333,time,0.4,5
2026-01-12 00:00:00+05:30,2026-01-19 00:00:00+05:30,SHRIRAMFIN,long,972.7999877929688,1010.3499755859375,931.2000034877232,1035.199964250837,37.54998779296875,3.859990569917661,time,0.3,4
2026-01-13 00:00:00+05:30,2026-01-19 00:00:00+05:30,SHRIRAMFIN,long,979.0499877929688,1010.3499755859375,938.5142909458706,1039.8535330636162,31.29998779296875,3.1969754540855466,time,0.3,3
2026-01-14 00:00:00+05:30,2026-01-19 00:00:00+05:30,SHRIRAMFIN,long,981.0999755859375,1010.3499755859375,937.692853655134,1046.210658482143,29.25,2.9813475413177097,time,0.3,2
2026-01-16 00:00:00+05:30,2026-01-19 00:00:00+05:30,SHRIRAMFIN,long,995.4500122070312,1010.3499755859375,949.3357456752232,1064.6214120047432,14.89996337890625,1.4968067905159053,time,0.4,1
2026-01-19 00:00:00+05:30,2026-01-19 00:00:00+05:30,SHRIRAMFIN,long,1010.3499755859375,1010.3499755859375,963.3071376255581,1080.9142325265068,0.0,0.0,time,0.09999999999999998,0
2026-01-01 00:00:00+05:30,2026-01-19 00:00:00+05:30,TATACONSUM,long,1176.9000244140625,1180.199951171875,1138.971435546875,1233.7929077148438,3.2999267578125,0.28039142572500314,time,0.3,12
2026-01-02 00:00:00+05:30,2026-01-19 00:00:00+05:30,TATACONSUM,long,1170.699951171875,1180.199951171875,1134.4856654575892,1225.0213797433037,9.5,0.8114803447707045,time,0.4,11
2026-01-05 00:00:00+05:30,2026-01-19 00:00:00+05:30,TATACONSUM,long,1182.0999755859375,1180.199951171875,1145.499965122768,1236.999991280692,-1.9000244140625,-0.1607329712633405,time,0.4,10
2026-01-06 00:00:00+05:30,2026-01-14 00:00:00+05:30,TATACONSUM,long,1210.4000244140625,1171.6714390345983,1171.6714390345983,1268.4929024832588,-38.72858537946422,-3.199651734823137,stop_loss,0.3,6
2026-01-07 00:00:00+05:30,2026-01-14 00:00:00+05:30,TATACONSUM,long,1212.5999755859375,1173.8713902064733,1173.8713902064733,1270.6928536551338,-38.72858537946422,-3.19384678865347,stop_loss,0.3,5
2026-01-08 00:00:00+05:30,2026-01-19 00:00:00+05:30,TATACONSUM,long,1197.4000244140625,1180.199951171875,1158.2571672712054,1256.1143101283483,-17.2000732421875,-1.4364517196835878,time,0.3,7
2026-01-12 00:00:00+05:30,2026-01-19 00:00:00+05:30,TATACONSUM,long,1192.300048828125,1180.199951171875,1149.4000592912946,1256.6500331333705,-12.10009765625,-1.0148534060820356,time,0.4,5
2026-01-13 00:00:00+05:30,2026-01-19 00:00:00+05:30,TATACONSUM,long,1189.4000244140625,1180.199951171875,1146.6571742466517,1253.5142996651787,-9.2000732421875,-0.7735053853492022,time,0.3,4
2026-01-16 00:00:00+05:30,2026-01-19 00:00:00+05:30,TATACONSUM,long,1189.0999755859375,1180.199951171875,1143.8428606305804,1256.9856480189733,-8.9000244140625,-0.7484672943229141,time,0.4,1
2026-01-07 00:00:00+05:30,2026-01-19 00:00:00+05:30,TATASTEEL,long,183.8000030517578,188.27000427246094,177.71428789411272,192.92857578822546,4.470001220703125,2.431991918653222,time,0.3,8
2026-01-08 00:00:00+05:30,2026-01-19 00:00:00+05:30,TATASTEEL,long,180.1199951171875,188.27000427246094,173.38713727678572,190.21928187779017,8.150009155273438,4.524766475799079,time,0.4,7
2026-01-09 00:00:00+05:30,2026-01-14 00:00:00+05:30,TATASTEEL,long,178.39999389648438,188.79927934919084,171.4671369280134,188.79927934919084,10.399285452706465,5.829196080993475,target,0.3,3
2026-01-12 00:00:00+05:30,2026-01-19 00:00:00+05:30,TATASTEEL,long,183.24000549316406,188.27000427246094,175.75286429268974,194.47071729387557,5.029998779296875,2.745033086939371,time,0.4,5
2026-01-13 00:00:00+05:30,2026-01-19 00:00:00+05:30,TATASTEEL,long,182.57000732421875,188.27000427246094,174.8957236153739,194.08143288748605,5.6999969482421875,3.122088360395249,time,0.3,4
2026-01-14 00:00:00+05:30,2026-01-19 00:00:00+05:30,TATASTEEL,long,189.25,188.27000427246094,180.2914319719587,202.68785204206193,-0.9799957275390625,-0.5178312959255283,time,0.4,3
2026-01-15 00:00:00+05:30,2026-01-19 00:00:00+05:30,TATASTEEL,long,189.25,188.27000427246094,180.61286054338728,202.2057091849191,-0.9799957275390625,-0.5178312959255283,time,0.3,2
2026-01-16 00:00:00+05:30,2026-01-19 00:00:00+05:30,TATASTEEL,long,188.2100067138672,188.27000427246094,179.76143973214286,200.8828571864537,0.05999755859375,0.03187798547022177,time,0.4,1
2026-01-19 00:00:00+05:30,2026-01-19 00:00:00+05:30,TATASTEEL,long,188.27000427246094,188.27000427246094,180.23715209960938,200.31928253173828,0.0,0.0,time,0.3,0
2026-01-02 00:00:00+05:30,2026-01-19 00:00:00+05:30,TCS,long,3192.660888671875,3163.60009765625,3117.751215368788,3305.025398626505,-29.060791015625,-0.9102373233166674,time,0.3,11
2026-01-06 00:00:00+05:30,2026-01-19 00:00:00+05:30,TCS,long,3197.669921875,3163.60009765625,3116.811205435429,3318.957996534356,-34.06982421875,-1.0654578193227857,time,0.4,9
2026-01-07 00:00:00+05:30,2026-01-08 00:00:00+05:30,TCS,long,3236.75927734375,3154.8622819521597,3154.8622819521597,3359.6047704311354,-81.89699539159028,-2.530215823117966,stop_loss,0.3,1
2026-01-13 00:00:00+05:30,2026-01-19 00:00:00+05:30,TCS,long,3209.652099609375,3163.60009765625,3106.5127042718664,3364.361192615638,-46.052001953125,-1.4347973089896464,time,0.4,4
2026-01-16 00:00:00+05:30,2026-01-19 00:00:00+05:30,TCS,long,3206.699951171875,3163.60009765625,3092.382248827533,3378.176504688388,-43.099853515625,-1.3440563249416067,time,0.4,1
2026-01-01 00:00:00+05:30,2026-01-19 00:00:00+05:30,TECHM,long,1607.699951171875,1673.6142316545759,1563.7570975167412,1673.6142316545759,65.91428048270086,4.099911829608194,target,0.3,11
2026-01-02 00:00:00+05:30,2026-01-19 00:00:00+05:30,TECHM,long,1612.0,1677.0999843052455,1568.6000104631696,1677.0999843052455,65.09998430524547,4.038460564841531,target,0.4,10
2026-01-06 00:00:00+05:30,2026-01-19 00:00:00+05:30,TECHM,long,1601.800048828125,1674.1214773995537,1553.5857631138392,1674.1214773995537,72.32142857142867,4.515009761944941,target,0.3,8
2026-01-07 00:00:00+05:30,2026-01-19 00:00:00+05:30,TECHM,long,1625.199951171875,1698.3570731026787,1576.4285365513392,1698.3570731026787,73.15712193080367,4.5014228481887795,target,0.4,7
2026-01-13 00:00:00+05:30,2026-01-19 00:00:00+05:30,TECHM,long,1614.800048828125,1699.4000592912946,1558.4000418526787,1699.4000592912946,84.60001046316961,5.239039379802137,target,0.4,3
2026-01-16 00:00:00+05:30,2026-01-19 00:00:00+05:30,TECHM,long,1670.5,1718.300048828125,1600.0714111328125,1776.1428833007812,47.800048828125,2.8614216598697997,time,0.4,1
2026-01-19 00:00:00+05:30,2026-01-19 00:00:00+05:30,TECHM,long,1718.300048828125,1718.300048828125,1641.32861328125,1833.7572021484375,0.0,0.0,time,0.19999999999999998,0
2025-12-31 00:00:00+05:30,2026-01-07 00:00:00+05:30,TITAN,long,4051.5,4207.39275251116,3947.5714983258927,4207.39275251116,155.89275251116032,3.847778662499329,target,0.19999999999999998,5
2026-01-01 00:00:00+05:30,2026-01-07 00:00:00+05:30,TITAN,long,4049.300048828125,4198.635637555803,3949.742989676339,4198.635637555803,149.33558872767844,3.687935863653681,target,0.09999999999999998,4
2026-01-02 00:00:00+05:30,2026-01-07 00:00:00+05:30,TITAN,long,4051.699951171875,4210.37841796875,3945.914306640625,4210.37841796875,158.678466796875,3.916342984652167,target,0.19999999999999998,3
2026-01-05 00:00:00+05:30,2026-01-07 00:00:00+05:30,TITAN,long,4079.699951171875,4225.199846540178,3982.700020926339,4225.199846540178,145.49989536830344,3.5664361867227337,target,0.09999999999999998,2
2026-01-06 00:00:00+05:30,2026-01-07 00:00:00+05:30,TITAN,long,4111.7998046875,4258.649710518973,4013.8998674665177,4258.649710518973,146.84990583147282,3.5714264508710327,target,0.19999999999999998,1
2026-01-07 00:00:00+05:30,2026-01-19 00:00:00+05:30,TITAN,long,4273.2001953125,4151.528773716518,4151.528773716518,4455.707327706473,-121.67142159598188,-2.847313863961949,stop_loss,0.19999999999999998,7
2026-01-08 00:00:00+05:30,2026-01-19 00:00:00+05:30,TITAN,long,4249.0,4144.10009765625,4125.142822265625,4434.7857666015625,-104.89990234375,-2.468813893710285,time,0.09999999999999998,6
2026-01-09 00:00:00+05:30,2026-01-19 00:00:00+05:30,TITAN,long,4201.7998046875,4144.10009765625,4069.0569196428573,4400.914132254465,-57.69970703125,-1.373214091896539,time,0.09999999999999998,5
2026-01-12 00:00:00+05:30,2026-01-19 00:00:00+05:30,TITAN,long,4231.60009765625,4144.10009765625,4090.7000906808034,4442.950108119419,-87.5,-2.067775734490211,time,0.09999999999999998,4
2026-01-13 00:00:00+05:30,2026-01-19 00:00:00+05:30,TITAN,long,4239.2001953125,4144.10009765625,4095.071602957589,4455.393083844866,-95.10009765625,-2.2433500017622907,time,0.19999999999999998,3
2026-01-14 00:00:00+05:30,2026-01-19 00:00:00+05:30,TITAN,long,4221.5,4144.10009765625,4067.085693359375,4453.1214599609375,-77.39990234375,-1.8334692015575034,time,0.19999999999999998,2
2026-01-16 00:00:00+05:30,2026-01-19 00:00:00+05:30,TITAN,long,4196.89990234375,4144.10009765625,4049.8570382254466,4417.464198521206,-52.7998046875,-1.2580668092182532,time,0.3,1
2026-01-19 00:00:00+05:30,2026-01-19 00:00:00+05:30,TITAN,long,4144.10009765625,4144.10009765625,3993.54296875,4369.935791015625,0.0,0.0,time,0.3,0
2025-12-31 00:00:00+05:30,2026-01-07 00:00:00+05:30,TORNTPHARM,long,3850.0,4017.6785191127233,3738.2143205915177,4017.6785191127233,167.67851911272328,4.355286210720085,target,0.3,5
2026-01-01 00:00:00+05:30,2026-01-07 00:00:00+05:30,TORNTPHARM,long,3848.39990234375,4011.8355538504466,3739.442801339286,4011.8355538504466,163.43565150669656,4.246846888421369,target,0.3,4
2026-01-02 00:00:00+05:30,2026-01-07 00:00:00+05:30,TORNTPHARM,long,3885.300048828125,4051.4785679408483,3774.5143694196427,4051.4785679408483,166.17851911272328,4.277109026955219,target,0.4,3
2026-01-05 00:00:00+05:30,2026-01-07 00:00:00+05:30,TORNTPHARM,long,3869.800048828125,4034.050048828125,3760.300048828125,4034.050048828125,164.25,4.244405342072883,target,0.4,2
2026-01-06 00:00:00+05:30,2026-01-19 00:00:00+05:30,TORNTPHARM,long,3936.800048828125,4086.60009765625,3823.1286272321427,4107.307181222098,149.800048828125,3.8051221034890066,time,0.19999999999999998,8
2026-01-07 00:00:00+05:30,2026-01-09 00:00:00+05:30,TORNTPHARM,long,4092.199951171875,3964.3000139508927,3964.3000139508927,4284.049857003348,-127.89993722098234,-3.125456691928162,stop_loss,0.19999999999999998,2
2026-01-08 00:00:00+05:30,2026-01-19 00:00:00+05:30,TORNTPHARM,long,4026.39990234375,4086.60009765625,3897.17138671875,4220.24267578125,60.2001953125,1.4951370150157646,time,0.09999999999999998,6
2026-01-09 00:00:00+05:30,2026-01-19 00:00:00+05:30,TORNTPHARM,long,3963.39990234375,4086.60009765625,3827.8999372209823,4166.649850027902,123.2001953125,3.108447251049428,time,0.4,5
2026-01-12 00:00:00+05:30,2026-01-19 00:00:00+05:30,TORNTPHARM,long,3949.800048828125,4086.60009765625,3810.6715262276784,4158.492832728794,136.800048828125,3.4634676980348034,time,0.3,4
2026-01-13 00:00:00+05:30,2026-01-19 00:00:00+05:30,TORNTPHARM,long,3940.300048828125,4086.60009765625,3798.7000906808034,4152.699986049107,146.300048828125,3.712916453447136,time,0.4,3
2026-01-14 00:00:00+05:30,2026-01-19 00:00:00+05:30,TORNTPHARM,long,4003.699951171875,4086.60009765625,3846.8857073102677,4238.921316964285,82.900146484375,2.070588393121475,time,0.3,2
2026-01-16 00:00:00+05:30,2026-01-19 00:00:00+05:30,TORNTPHARM,long,4018.199951171875,4086.60009765625,3859.0428641183034,4256.935581752232,68.400146484375,1.702258407136426,time,0.3,1
2026-01-19 00:00:00+05:30,2026-01-19 00:00:00+05:30,TORNTPHARM,long,4086.60009765625,4086.60009765625,3919.4430106026784,4337.335728236607,0.0,0.0,time,0.4,0
2025-12-31 00:00:00+05:30,2026-01-19 00:00:00+05:30,TVSMOTOR,long,3719.800048828125,3701.89990234375,3593.057198660714,3909.914324079241,-17.900146484375,-0.4812125987797169,time,0.3,13
2026-01-01 00:00:00+05:30,2026-01-19 00:00:00+05:30,TVSMOTOR,long,3794.39990234375,3701.89990234375,3661.499930245536,3993.7498604910716,-92.5,-2.437803140962132,time,0.4,12
2026-01-02 00:00:00+05:30,2026-01-14 00:00:00+05:30,TVSMOTOR,long,3847.800048828125,3709.271484375,3709.271484375,4055.5928955078125,-138.528564453125,-3.6002017437292477,stop_loss,0.4,8
2026-01-05 00:00:00+05:30,2026-01-14 00:00:00+05:30,TVSMOTOR,long,3864.199951171875,3723.8142438616073,3723.8142438616073,4074.7785121372767,-140.38570731026766,-3.6329824823814736,stop_loss,0.3,7
2026-01-06 00:00:00+05:30,2026-01-14 00:00:00+05:30,TVSMOTOR,long,3866.10009765625,3725.9001116071427,3725.9001116071427,4076.400076729911,-140.19998604910734,-3.6263930707355696,stop_loss,0.3,6
2026-01-07 00:00:00+05:30,2026-01-14 00:00:00+05:30,TVSMOTOR,long,3840.199951171875,3704.157156808036,3704.157156808036,4044.264142717634,-136.04279436383922,-3.5425966380298615,stop_loss,0.3,5
2026-01-08 00:00:00+05:30,2026-01-16 00:00:00+05:30,TVSMOTOR,long,3801.699951171875,3668.5714285714284,3668.5714285714284,4001.3927350725444,-133.12852260044656,-3.501815616969184,stop_loss,0.4,6
2026-01-09 00:00:00+05:30,2026-01-19 00:00:00+05:30,TVSMOTOR,long,3759.199951171875,3701.89990234375,3622.0,3964.9998779296875,-57.300048828125,-1.5242617996486874,time,0.4,6
2026-01-12 00:00:00+05:30,2026-01-19 00:00:00+05:30,TVSMOTOR,long,3754.800048828125,3701.89990234375,3606.4001116071427,3977.3999546595983,-52.900146484375,-1.4088672045502173,time,0.4,5
2026-01-13 00:00:00+05:30,2026-01-19 00:00:00+05:30,TVSMOTOR,long,3755.39990234375,3701.89990234375,3606.0713936941966,3979.3926653180806,-53.5,-1.4246152577947977,time,0.4,4
2026-01-07 00:00:00+05:30,2026-01-19 00:00:00+05:30,ULTRACEMCO,long,12184.0,12297.0,11915.0,12587.5,113.0,0.9274458305975048,time,0.4,8
2026-01-08 00:00:00+05:30,2026-01-19 00:00:00+05:30,ULTRACEMCO,long,12064.0,12297.0,11785.42857142857,12481.857142857143,233.0,1.931366047745358,time,0.3,7
2026-01-09 00:00:00+05:30,2026-01-16 00:00:00+05:30,ULTRACEMCO,long,11937.0,12375.42857142857,11644.714285714286,12375.42857142857,438.42857142857065,3.6728539116073606,target,0.4,5
2026-01-12 00:00:00+05:30,2026-01-19 00:00:00+05:30,ULTRACEMCO,long,12098.0,12297.0,11788.857142857143,12561.714285714286,199.0,1.6448999834683418,time,0.4,5
2026-01-13 00:00:00+05:30,2026-01-19 00:00:00+05:30,ULTRACEMCO,long,12044.0,12297.0,11714.285714285714,12538.57142857143,253.0,2.100631019594819,time,0.4,4
2026-01-14 00:00:00+05:30,2026-01-19 00:00:00+05:30,ULTRACEMCO,long,12255.0,12297.0,11870.857142857143,12831.214285714286,42.0,0.3427172582619339,time,0.4,3
2026-01-15 00:00:00+05:30,2026-01-19 00:00:00+05:30,ULTRACEMCO,long,12255.0,12297.0,11886.857142857143,12807.214285714286,42.0,0.3427172582619339,time,0.3,2
2026-01-16 00:00:00+05:30,2026-01-19 00:00:00+05:30,ULTRACEMCO,long,12378.0,12297.0,11936.142857142857,13040.785714285714,-81.0,-0.6543868153174988,time,0.4,1
2026-01-19 00:00:00+05:30,2026-01-19 00:00:00+05:30,ULTRACEMCO,long,12297.0,12297.0,11854.857142857143,12960.214285714286,0.0,0.0,time,0.3,0
2025-12-31 00:00:00+05:30,2026-01-05 00:00:00+05:30,UNIONBANK,long,153.75999450683594,161.28570120675224,148.74285670689173,161.28570120675224,7.525706699916299,4.894450421941006,target,0.3,3
2026-01-01 00:00:00+05:30,2026-01-05 00:00:00+05:30,UNIONBANK,long,153.5800018310547,160.90428270612443,148.6971479143415,160.90428270612443,7.324280875069746,4.769032939019499,target,0.3,2
2026-01-02 00:00:00+05:30,2026-01-06 00:00:00+05:30,UNIONBANK,long,156.6999969482422,164.12927900041853,151.7471422467913,164.12927900041853,7.429282052176347,4.7410862775129665,target,0.4,2
2026-01-05 00:00:00+05:30,2026-01-14 00:00:00+05:30,UNIONBANK,long,162.36000061035156,170.74285670689173,156.77142987932478,170.74285670689173,8.382856096540166,5.16312888952139,target,0.19999999999999998,7
2026-01-06 00:00:00+05:30,2026-01-14 00:00:00+05:30,UNIONBANK,long,165.74000549316406,174.77857535226005,159.71429225376673,174.77857535226005,9.038569859095986,5.4534629899410625,target,0.09999999999999998,6
2026-01-07 00:00:00+05:30,2026-01-14 00:00:00+05:30,UNIONBANK,long,166.3300018310547,175.23142896379744,160.39571707589286,175.23142896379744,8.901427132742754,5.351666587356948,target,0.09999999999999998,5
2026-01-08 00:00:00+05:30,2026-01-14 00:00:00+05:30,UNIONBANK,long,161.4600067138672,171.28072139195032,154.9128635951451,171.28072139195032,9.820714678083135,6.0824441160138205,target,0.4,4
2026-01-09 00:00:00+05:30,2026-01-14 00:00:00+05:30,UNIONBANK,long,162.25999450683594,172.64856828962053,155.3342786516462,172.64856828962053,10.38857378278459,6.402424586762158,target,0.4,3
2026-01-12 00:00:00+05:30,2026-01-14 00:00:00+05:30,UNIONBANK,long,163.97999572753906,174.8078558785575,156.76142229352678,174.8078558785575,10.827860151018427,6.603159185959156,target,0.3,2
2026-01-13 00:00:00+05:30,2026-01-14 00:00:00+05:30,UNIONBANK,long,166.19000244140625,177.14643205915178,158.8857160295759,177.14643205915178,10.956429617745528,6.5927128327761135,target,0.4,1
2026-01-14 00:00:00+05:30,2026-01-19 00:00:00+05:30,UNIONBANK,long,179.27000427246094,177.42999267578125,169.69571794782365,193.63143375941684,-1.8400115966796875,-1.0263912271029862,time,0.19999999999999998,3
2026-01-15 00:00:00+05:30,2026-01-19 00:00:00+05:30,UNIONBANK,long,179.27000427246094,177.42999267578125,169.90571812220983,193.3164334978376,-1.8400115966796875,-1.0263912271029862,time,0.09999999999999998,2
2026-01-16 00:00:00+05:30,2026-01-19 00:00:00+05:30,UNIONBANK,long,176.14999389648438,177.42999267578125,165.92427934919084,191.48856571742465,1.279998779296875,0.7266527525678339,time,0.19999999999999998,1
2026-01-19 00:00:00+05:30,2026-01-19 00:00:00+05:30,UNIONBANK,long,177.42999267578125,177.42999267578125,167.36713518415178,192.52427891322543,0.0,0.0,time,0.09999999999999998,0
2025-12-31 00:00:00+05:30,2026-01-14 00:00:00+05:30,VEDL,long,604.4000244140625,646.9571751185825,576.0285906110491,646.9571751185825,42.55715070452004,7.041222532341425,target,0.09999999999999998,10
2026-01-01 00:00:00+05:30,2026-01-14 00:00:00+05:30,VEDL,long,602.6500244140625,643.4286063058036,575.4643031529018,643.4286063058036,40.778581891741055,6.7665444685559875,target,0.09999999999999998,9
2026-01-02 00:00:00+05:30,2026-01-14 00:00:00+05:30,VEDL,long,616.9500122070312,658.4464460100446,589.2857230050223,658.4464460100446,41.49643380301336,6.726060942047329,target,0.19999999999999998,8
2026-01-05 00:00:00+05:30,2026-01-14 00:00:00+05:30,VEDL,long,615.6500244140625,654.3821672712054,589.828595842634,654.3821672712054,38.73214285714289,6.29125985887936,target,0.09999999999999998,7
2026-01-06 00:00:00+05:30,2026-01-14 00:00:00+05:30,VEDL,long,621.75,660.0321350097656,596.2285766601562,660.0321350097656,38.282135009765625,6.15715882746532,target,0.19999999999999998,6
2026-01-07 00:00:00+05:30,2026-01-14 00:00:00+05:30,VEDL,long,622.2000122070312,658.8964407784598,597.7357264927456,658.8964407784598,36.696428571428555,5.897850827945366,target,0.09999999999999998,5
2026-01-08 00:00:00+05:30,2026-01-14 00:00:00+05:30,VEDL,long,603.5,643.4749973842075,576.8500017438616,643.4749973842075,39.97499738420754,6.623860378493379,target,0.4,4
2026-01-09 00:00:00+05:30,2026-01-14 00:00:00+05:30,VEDL,long,609.8499755859375,649.8142613002232,583.2071184430804,649.8142613002232,39.964285714285666,6.553133936897907,target,0.3,3
2026-01-12 00:00:00+05:30,2026-01-14 00:00:00+05:30,VEDL,long,627.3499755859375,670.0249808175223,598.8999720982143,670.0249808175223,42.675005231584805,6.802423988576209,target,0.19999999999999998,2
2026-01-13 00:00:00+05:30,2026-01-16 00:00:00+05:30,VEDL,long,637.2000122070312,680.2500305175781,608.5,680.2500305175781,43.050018310546875,6.756123271472818,target,0.19999999999999998,3
2026-01-14 00:00:00+05:30,2026-01-19 00:00:00+05:30,VEDL,long,675.75,674.7999877929688,641.0142735072544,727.8535897391183,-0.95001220703125,-0.14058634214298926,time,0.19999999999999998,3
2026-01-15 00:00:00+05:30,2026-01-19 00:00:00+05:30,VEDL,long,675.75,674.7999877929688,642.5785609654018,725.5071585518973,-0.95001220703125,-0.14058634214298926,time,0.09999999999999998,2
2026-01-16 00:00:00+05:30,2026-01-19 00:00:00+05:30,VEDL,long,682.7000122070312,674.7999877929688,650.0928519112723,731.6107526506696,-7.9000244140625,-1.157173615468867,time,0.19999999999999998,1
2026-01-19 00:00:00+05:30,2026-01-19 00:00:00+05:30,VEDL,long,674.7999877929688,674.7999877929688,642.3856811523438,723.4214477539062,0.0,0.0,time,0.09999999999999998,0
2025-12-31 00:00:00+05:30,2026-01-19 00:00:00+05:30,WIPRO,long,263.2799987792969,256.2571323939732,256.2571323939732,273.8142983572824,-7.022866385323653,-2.667451541281266,stop_loss,0.4,13
2026-01-01 00:00:00+05:30,2026-01-19 00:00:00+05:30,WIPRO,long,267.3500061035156,260.14000156947543,260.14000156947543,278.1650129045759,-7.210004534040195,-2.696840983519014,stop_loss,0.3,12
2026-01-02 00:00:00+05:30,2026-01-14 00:00:00+05:30,WIPRO,long,269.0,261.46285138811385,261.46285138811385,280.30572291782926,-7.537148611886153,-2.8019139821138115,stop_loss,0.4,8
2026-01-06 00:00:00+05:30,2026-01-19 00:00:00+05:30,WIPRO,long,265.6000061035156,257.4442923409598,257.4442923409598,277.83357674734935,-8.15571376255582,-3.070675291843627,stop_loss,0.3,9
2026-01-07 00:00:00+05:30,2026-01-09 00:00:00+05:30,WIPRO,long,270.79998779296875,262.07141549246654,262.07141549246654,283.8928462437221,-8.728572300502208,-3.223254318303497,stop_loss,0.4,2
2026-01-16 00:00:00+05:30,2026-01-19 00:00:00+05:30,WIPRO,long,267.45001220703125,257.2485874720982,257.2485874720982,282.7521493094308,-10.201424734933028,-3.8143295080638,stop_loss,0.4,1
